timestamp,open,high,low,close,volume
2020-08-22,2.858,4.554,2.762,4.494,1163659.1572
2020-08-23,4.494,4.509,3.7,3.983,1161714.97
2020-08-24,3.983,4.79,3.812,4.569,2422370.35
2020-08-25,4.569,5.762,4.488,5.555,3661357.37
2020-08-26,5.555,6.586,5.111,6.085,2875256.2
2020-08-27,6.085,6.788,5.2,5.635,3014125.58
2020-08-28,5.635,6.354,5.502,6.18,2451012.08
2020-08-29,6.18,6.6,6.02,6.142,2174572.45
2020-08-30,6.142,6.223,5.71,5.891,1963638.22
2020-08-31,5.891,6.459,5.761,6.274,2150248.01
2020-09-01,6.274,6.896,6.126,6.242,1985503.97
2020-09-02,6.242,6.475,5.6,6.134,1648394.89
2020-09-03,6.134,6.328,5.6,5.68,2043834.64
2020-09-04,5.68,5.977,4.5,5.107,2140051.43
2020-09-05,5.107,5.311,3.577,4.143,2647876.23
2020-09-06,4.143,4.915,3.731,4.775,2341367.15
2020-09-07,4.775,4.831,4.012,4.591,1732140.79
2020-09-08,4.591,4.622,4.111,4.273,1270393.92
2020-09-09,4.273,4.795,4.149,4.701,1291653.15
2020-09-10,4.701,4.891,4.443,4.572,1113412.33
2020-09-11,4.572,4.73,4.324,4.645,975543.05
2020-09-12,4.645,5.289,4.5,5.137,1216136.21
2020-09-13,5.137,5.477,4.788,5.31,1478875.89
2020-09-14,5.31,5.576,5.094,5.364,1232383.94
2020-09-15,5.364,5.45,5.051,5.055,933079.17
2020-09-16,5.055,5.283,4.978,5.076,844084.89
2020-09-17,5.076,5.424,5.047,5.337,903627.51
2020-09-18,5.337,5.451,5.101,5.259,776912.75
2020-09-19,5.259,5.261,4.813,4.926,708845.75
2020-09-20,4.926,4.971,4.41,4.669,901989.47
2020-09-21,4.669,4.697,3.921,4.071,1347655.28
2020-09-22,4.071,4.21,3.901,4.168,780731.93
2020-09-23,4.168,4.322,3.942,4.008,914787.18
2020-09-24,4.008,4.468,3.96,4.382,885159.33
2020-09-25,4.382,4.529,4.245,4.418,781349.0
2020-09-26,4.418,4.47,4.231,4.334,674152.26
2020-09-27,4.334,4.36,4.118,4.3,712986.21
2020-09-28,4.3,4.59,4.249,4.393,825585.54
2020-09-29,4.393,4.607,4.352,4.493,803606.52
2020-09-30,4.493,4.502,4.243,4.347,551556.62
2020-10-01,4.347,4.585,4.251,4.346,463165.88
2020-10-02,4.346,4.361,3.902,4.117,526364.2
2020-10-03,4.117,4.127,4.026,4.061,368816.78
2020-10-04,4.061,4.199,4.016,4.18,363402.83
2020-10-05,4.18,4.247,4.107,4.159,350621.58
2020-10-06,4.159,4.181,3.611,3.749,554446.82
2020-10-07,3.749,3.883,3.601,3.853,570783.35
2020-10-08,3.853,4.161,3.641,4.111,521753.06
2020-10-09,4.111,4.35,4.008,4.251,469985.42
2020-10-10,4.251,4.485,4.232,4.26,444735.44
2020-10-11,4.26,4.332,4.17,4.246,366143.63
2020-10-12,4.246,4.449,4.201,4.308,473564.8
2020-10-13,4.308,4.352,4.143,4.248,535573.98
2020-10-14,4.248,4.378,4.084,4.184,555233.11
2020-10-15,4.184,4.19,4.019,4.099,544047.89
2020-10-16,4.099,4.159,3.81,3.916,606446.36
2020-10-17,3.916,3.982,3.859,3.965,462574.01
2020-10-18,3.965,4.126,3.953,4.107,471922.28
2020-10-19,4.107,4.122,3.951,3.985,440403.42
2020-10-20,3.985,4.147,3.862,3.902,564237.81
2020-10-21,3.902,4.248,3.89,4.134,569618.64
2020-10-22,4.134,4.338,4.122,4.265,562041.5
2020-10-23,4.265,4.482,4.194,4.267,623434.98
2020-10-24,4.267,4.429,4.237,4.35,596914.78
2020-10-25,4.35,4.444,4.261,4.335,513355.81
2020-10-26,4.335,4.746,4.289,4.703,849698.56
2020-10-27,4.703,4.939,4.642,4.673,927713.41
2020-10-28,4.673,4.777,4.253,4.362,831823.44
2020-10-29,4.362,4.411,3.846,4.064,943236.95
2020-10-30,4.064,4.161,3.92,4.082,1037144.02
2020-10-31,4.082,4.279,4.067,4.18,408471.36
2020-11-01,4.18,4.23,4.107,4.224,336617.86
2020-11-02,4.224,4.266,3.968,4.032,667446.23
2020-11-03,4.032,4.073,3.893,4.027,549136.17
2020-11-04,4.027,4.152,3.9,4.093,615967.81
2020-11-05,4.093,4.304,4.011,4.224,550273.82
2020-11-06,4.224,4.648,4.205,4.574,884823.07
2020-11-07,4.574,4.85,4.082,4.232,2191701.69
2020-11-08,4.232,4.428,4.131,4.373,782532.51
2020-11-09,4.373,4.465,4.24,4.347,1026419.42
2020-11-10,4.347,4.503,4.302,4.417,699953.16
2020-11-11,4.417,4.626,4.417,4.447,671620.27
2020-11-12,4.447,4.472,4.311,4.404,552166.48
2020-11-13,4.404,4.59,4.371,4.542,599905.33
2020-11-14,4.542,4.554,4.357,4.461,522195.46
2020-11-15,4.461,4.504,4.307,4.373,632912.48
2020-11-16,4.373,4.599,4.336,4.494,656452.79
2020-11-17,4.494,4.93,4.487,4.854,1219366.2
2020-11-18,4.854,4.939,4.517,4.682,1441843.2
2020-11-19,4.682,4.852,4.544,4.758,918481.49
2020-11-20,4.758,5.473,4.743,5.231,3328034.09
2020-11-21,5.231,5.814,5.132,5.781,3308751.99
2020-11-22,5.781,5.841,5.249,5.516,7952484.48
2020-11-23,5.516,5.956,5.419,5.911,3245802.55
2020-11-24,5.911,6.08,5.607,5.728,3734030.46
2020-11-25,5.728,5.826,5.146,5.309,2907732.23
2020-11-26,5.309,5.374,4.445,4.806,4842714.19
2020-11-27,4.806,5.073,4.516,4.817,1838432.1
2020-11-28,4.817,4.951,4.668,4.888,1093294.04
2020-11-29,4.888,5.199,4.802,5.19,1686004.64
2020-11-30,5.19,5.65,5.14,5.378,2803924.82
2020-12-01,5.378,5.539,4.974,5.083,2770283.98
2020-12-02,5.083,5.544,5.005,5.473,1065089.6
2020-12-03,5.473,5.564,5.321,5.403,886231.11
2020-12-04,5.403,5.436,4.92,5.007,883123.16
2020-12-05,5.007,5.196,4.876,5.186,540879.25
2020-12-06,5.186,5.204,5.003,5.128,401959.31
2020-12-07,5.128,5.155,5.011,5.056,209088.58
2020-12-08,5.056,5.069,4.701,4.735,469737.67
2020-12-09,4.735,4.937,4.618,4.871,595469.9
2020-12-10,4.871,4.916,4.751,4.798,238947.35
2020-12-11,4.798,4.816,4.538,4.61,218343.27
2020-12-12,4.61,4.798,4.609,4.734,80220.95
2020-12-13,4.734,4.997,4.727,4.896,82432.55
2020-12-14,4.896,5.005,4.832,4.898,108657.33
2020-12-15,4.898,5.29,4.851,5.245,161435.24
2020-12-16,5.245,5.374,5.118,5.368,185378.47
2020-12-17,5.368,5.734,5.272,5.345,446751.79
2020-12-18,5.345,5.51,5.252,5.36,290219.21
2020-12-19,5.36,5.578,5.282,5.34,210383.55
2020-12-20,5.34,5.436,5.054,5.188,359830.72
2020-12-21,5.188,5.448,4.702,4.873,576536.74
2020-12-22,4.873,5.18,4.801,5.161,517652.95
2020-12-23,5.161,5.185,4.587,4.727,632946.85
2020-12-24,4.727,5.199,4.632,5.12,566885.08
2020-12-25,5.12,5.284,5.042,5.211,541783.33
2020-12-26,5.211,5.293,5.08,5.191,540698.73
2020-12-27,5.191,5.411,4.948,5.145,908238.49
2020-12-28,5.145,6.694,5.115,6.602,1550208.02
2020-12-29,6.602,7.675,6.172,7.531,1702734.26
2020-12-30,7.531,7.671,7.052,7.234,455513.26
2020-12-31,7.234,9.479,7.154,9.265,580579.4
2021-01-01,9.265,9.44,8.085,8.28,577858.32
2021-01-02,8.28,9.813,7.9,9.211,870834.01
2021-01-03,9.211,10.489,8.835,10.125,883672.33
2021-01-04,10.125,10.521,8.727,9.499,948213.48
2021-01-05,9.499,10.038,9.022,9.71,749327.01
2021-01-06,9.71,10.399,9.471,10.076,477264.46
2021-01-07,10.076,10.654,9.425,9.633,558796.81
2021-01-08,9.633,9.83,8.808,9.31,531896.07
2021-01-09,9.31,9.813,9.048,9.744,337936.84
2021-01-10,9.744,10.009,8.691,9.3,415134.78
2021-01-11,9.3,9.314,6.842,8.284,1342858.57
2021-01-12,8.284,8.701,7.939,8.305,574883.72
2021-01-13,8.305,11.372,7.981,10.952,727426.57
2021-01-14,10.952,14.677,10.886,14.628,713310.33
2021-01-15,14.628,14.988,11.783,13.188,986959.95
2021-01-16,13.188,19.386,13.176,17.989,970415.63
2021-01-17,17.989,18.278,16.0,17.083,993779.12
2021-01-18,17.083,18.199,15.777,16.553,416891.08
2021-01-19,16.553,17.479,15.932,16.406,373457.45
2021-01-20,16.406,18.213,14.766,17.962,563276.31
2021-01-21,17.962,18.108,15.002,15.973,618306.63
2021-01-22,15.973,17.989,14.76,17.158,559679.72
2021-01-23,17.158,18.78,16.819,18.715,316704.79
2021-01-24,18.715,18.715,17.202,17.97,207988.03
2021-01-25,17.97,19.081,17.093,17.223,273930.7
2021-01-26,17.223,17.772,16.022,17.096,215582.41
2021-01-27,17.096,17.113,15.072,15.456,463848.66
2021-01-28,15.456,17.5,15.296,16.856,297437.19
2021-01-29,16.856,17.737,15.981,16.81,444151.4
2021-01-30,16.81,17.069,16.123,16.539,205175.16
2021-01-31,16.539,17.507,15.661,16.128,219858.48
2021-02-01,16.128,16.54,15.719,16.433,179087.83
2021-02-02,16.433,17.646,16.033,17.216,243951.47
2021-02-03,17.216,20.929,16.814,20.871,355827.04
2021-02-04,20.871,21.702,18.944,19.693,395342.03
2021-02-05,19.693,21.341,19.39,20.823,179985.13
2021-02-06,20.823,21.376,19.869,20.355,134719.71
2021-02-07,20.355,20.766,18.5,19.76,185658.13
2021-02-08,19.76,23.696,19.204,23.024,288106.22
2021-02-09,23.024,24.127,22.262,23.106,169612.41
2021-02-10,23.106,24.82,22.009,23.571,272222.57
2021-02-11,23.571,25.682,23.247,25.025,206279.1
2021-02-12,25.025,29.269,24.523,28.651,222414.29
2021-02-13,28.651,30.186,27.218,28.006,278111.57
2021-02-14,28.006,29.37,26.393,26.945,198518.53
2021-02-15,26.945,29.515,23.186,27.814,294152.94
2021-02-16,27.814,31.036,26.891,30.095,199413.18
2021-02-17,30.095,32.427,29.667,31.924,151267.64
2021-02-18,31.924,32.557,30.573,31.094,62849.07
2021-02-19,31.094,35.0,29.547,34.786,127627.39
2021-02-20,34.786,42.209,34.749,38.985,345595.76
2021-02-21,38.985,40.493,38.006,39.561,143016.34
2021-02-22,39.561,39.673,30.799,37.67,343590.27
2021-02-23,37.67,37.701,26.59,34.535,915168.6
2021-02-24,34.535,36.77,31.876,33.673,298633.1
2021-02-25,33.673,35.165,30.946,31.153,261389.91
2021-02-26,31.153,33.563,28.06,31.31,424375.61
2021-02-27,31.31,35.608,31.31,33.456,268665.7
2021-02-28,33.456,34.587,29.674,33.737,300140.95
2021-03-01,33.737,35.649,33.046,35.649,166884.07
2021-03-02,35.649,37.911,34.494,36.152,182392.97
2021-03-03,36.152,38.622,35.352,37.093,162535.49
2021-03-04,37.093,38.338,34.412,35.264,153145.47
2021-03-05,35.264,35.264,31.407,33.627,217930.9
2021-03-06,33.627,34.153,32.127,33.413,112890.4
2021-03-07,33.413,35.293,33.387,35.126,94009.66
2021-03-08,35.126,35.539,33.225,34.901,108800.46
2021-03-09,34.901,38.839,34.564,38.213,114878.06
2021-03-10,38.213,39.54,36.325,37.578,157471.5
2021-03-11,37.578,37.999,35.941,36.924,115993.65
2021-03-12,36.924,37.455,34.5,35.978,89470.92
2021-03-13,35.978,38.233,34.725,37.109,82360.9
2021-03-14,37.109,37.997,36.321,36.55,58283.18
2021-03-15,36.55,38.512,33.983,34.286,121595.87
2021-03-16,34.286,35.562,32.155,35.379,125530.84
2021-03-17,35.379,36.402,34.395,36.144,80740.32
2021-03-18,36.144,36.998,35.319,35.379,49577.98
2021-03-19,35.379,38.829,34.632,38.142,64597.87
2021-03-20,38.142,40.024,37.147,37.186,47514.2
2021-03-21,37.186,38.041,36.125,36.71,56770.68
2021-03-22,36.71,37.74,35.11,35.29,57025.77
2021-03-23,35.29,36.244,34.06,34.247,49047.72
2021-03-24,34.247,36.141,27.325,30.322,145889.5
2021-03-25,30.322,31.189,28.335,29.826,213951.01
2021-03-26,29.826,33.352,29.826,33.132,64312.76
2021-03-27,33.132,33.469,31.139,32.596,63401.43
2021-03-28,32.596,33.189,31.255,32.215,35815.81
2021-03-29,32.215,34.727,31.778,34.394,54698.18
2021-03-30,34.394,34.814,33.517,33.955,43553.67
2021-03-31,33.955,38.506,33.234,37.0,135553.99
2021-04-01,37.0,39.0,36.003,37.433,149439.54
2021-04-02,37.433,41.366,36.63,40.954,115929.25
2021-04-03,40.954,46.823,40.941,41.348,434060.0
2021-04-04,41.348,45.056,40.5,44.302,141079.42
2021-04-05,44.302,45.855,41.857,45.805,183880.02
2021-04-06,45.805,46.235,41.696,43.31,234562.2
2021-04-07,43.31,43.48,37.757,39.508,316581.64
2021-04-08,39.508,41.581,39.255,41.318,84357.14
2021-04-09,41.318,42.088,40.096,40.762,51593.72
2021-04-10,40.762,42.752,40.005,41.581,152384.53
2021-04-11,41.581,41.86,40.006,41.32,57094.63
2021-04-12,41.32,42.0,39.4,40.463,100239.47
2021-04-13,40.463,43.362,39.736,42.929,156843.63
2021-04-14,42.929,44.553,40.0,42.492,159890.33
2021-04-15,42.492,44.288,41.421,43.414,96722.57
2021-04-16,43.414,43.78,40.029,41.397,111240.56
2021-04-17,41.397,48.347,41.386,42.083,290652.81
2021-04-18,42.083,42.657,32.093,37.383,438000.42
2021-04-19,37.383,38.662,34.0,34.741,129186.88
2021-04-20,34.741,37.851,31.0,35.468,267954.29
2021-04-21,35.468,36.289,31.6,33.796,242185.1
2021-04-22,33.796,37.692,32.824,32.972,213247.59
2021-04-23,32.972,33.482,27.076,32.231,723589.97
2021-04-24,32.231,32.387,28.563,28.972,130564.39
2021-04-25,28.972,31.263,28.126,29.809,61431.8
2021-04-26,29.809,33.455,29.778,33.385,131507.72
2021-04-27,33.385,35.4,33.0,34.818,149668.43
2021-04-28,34.818,35.355,32.588,33.96,97765.76
2021-04-29,33.96,36.0,33.0,35.98,97580.32
2021-04-30,35.98,36.786,35.11,36.534,90077.36
2021-05-01,36.534,37.352,35.814,36.888,45472.5
2021-05-02,36.888,37.166,35.254,36.614,67101.88
2021-05-03,36.614,38.276,36.614,37.245,51822.39
2021-05-04,37.245,37.925,34.499,34.778,92993.97
2021-05-05,34.778,40.747,34.568,40.461,123661.56
2021-05-06,40.461,43.863,38.031,41.579,146755.67
2021-05-07,41.579,42.612,37.45,39.866,256788.14
2021-05-08,39.866,40.643,38.693,39.879,229233.97
2021-05-09,39.879,41.991,38.223,40.306,171703.39
2021-05-10,40.306,41.816,32.362,36.518,221958.65
2021-05-11,36.518,38.665,35.561,38.664,431663.9
2021-05-12,38.664,47.239,33.84,35.154,445860.1
2021-05-13,35.154,41.827,32.287,40.017,516888.54
2021-05-14,40.017,48.0,39.432,47.977,361072.79
2021-05-15,47.977,49.792,41.597,43.601,513139.24
2021-05-16,43.601,48.88,39.347,42.431,334127.51
2021-05-17,42.431,42.435,35.117,38.701,532920.07
2021-05-18,38.701,42.6,36.081,40.635,524027.66
2021-05-19,40.635,41.325,17.732,25.02,3158691.01
2021-05-20,25.02,31.271,21.076,28.945,1799548.08
2021-05-21,28.945,30.965,20.0,24.41,1153847.4
2021-05-22,24.41,24.595,20.323,22.039,838703.91
2021-05-23,22.039,23.455,13.671,17.892,1003624.01
2021-05-24,17.892,23.46,17.133,23.238,551289.79
2021-05-25,23.238,24.216,19.672,22.152,499313.24
2021-05-26,22.152,24.721,21.636,24.514,324493.38
2021-05-27,24.514,24.92,21.771,23.939,321326.01
2021-05-28,23.939,26.191,20.044,21.341,690152.02
2021-05-29,21.341,22.296,18.8,19.843,278377.4
2021-05-30,19.843,21.326,18.436,20.467,211858.83
2021-05-31,20.467,23.434,19.08,23.277,220275.83
2021-06-01,23.277,23.534,21.698,22.834,183054.0
2021-06-02,22.834,27.0,22.667,25.923,216242.67
2021-06-03,25.923,28.606,25.698,26.992,183011.51
2021-06-04,26.992,27.008,23.652,24.993,226525.01
2021-06-05,24.993,26.385,22.971,23.777,161323.69
2021-06-06,23.777,24.471,23.575,24.173,67643.59
2021-06-07,24.173,25.255,21.329,21.688,136752.76
2021-06-08,21.688,22.28,19.647,21.652,150855.2
2021-06-09,21.652,23.314,20.366,23.178,149688.43
2021-06-10,23.178,24.547,22.071,22.647,121461.4
2021-06-11,22.647,23.182,20.502,20.962,71059.57
2021-06-12,20.962,21.248,19.527,20.732,96770.03
2021-06-13,20.732,22.399,19.932,22.049,68976.04
2021-06-14,22.049,26.031,21.242,25.87,149272.33
2021-06-15,25.87,26.0,23.585,23.961,115903.79
2021-06-16,23.961,24.54,22.501,23.018,84551.87
2021-06-17,23.018,23.99,22.007,22.527,57808.49
2021-06-18,22.527,22.558,20.219,21.392,68239.52
2021-06-19,21.392,21.614,20.25,20.254,47727.97
2021-06-20,20.254,20.989,18.884,20.617,77427.02
2021-06-21,20.617,20.786,15.359,15.715,271720.27
2021-06-22,15.715,16.917,13.009,14.636,471310.05
2021-06-23,14.636,16.8,13.977,15.792,196395.2
2021-06-24,15.792,16.588,14.729,16.224,128715.27
2021-06-25,16.224,16.729,14.425,14.432,139971.23
2021-06-26,14.432,14.97,13.631,14.517,132877.38
2021-06-27,14.517,15.012,14.042,15.004,75482.76
2021-06-28,15.004,16.019,14.609,15.739,90750.55
2021-06-29,15.739,17.012,15.731,16.25,99312.85
2021-06-30,16.25,16.615,15.09,16.395,104191.73
2021-07-01,16.395,16.398,14.85,15.199,73787.41
2021-07-02,15.199,15.446,14.633,15.299,87481.63
2021-07-03,15.299,15.752,15.005,15.526,97285.79
2021-07-04,15.526,16.573,15.171,15.985,60122.4
2021-07-05,15.985,15.985,14.753,15.235,55085.0
2021-07-06,15.235,16.185,15.199,16.142,104892.97
2021-07-07,16.142,17.662,16.099,16.867,113240.8
2021-07-08,16.867,16.882,15.001,15.329,81297.45
2021-07-09,15.329,15.915,14.832,15.672,48517.22
2021-07-10,15.672,15.99,15.041,15.285,31988.06
2021-07-11,15.285,15.7,15.146,15.473,21269.54
2021-07-12,15.473,15.647,14.414,14.856,34189.26
2021-07-13,14.856,15.092,14.026,14.188,35349.82
2021-07-14,14.188,14.215,13.183,13.799,203539.75
2021-07-15,13.799,14.098,12.751,13.073,374510.28
2021-07-16,13.073,13.303,12.007,12.018,420430.75
2021-07-17,12.018,12.738,11.722,12.286,463934.99
2021-07-18,12.286,12.932,12.264,12.645,287189.68
2021-07-19,12.645,12.728,11.36,11.445,367654.93
2021-07-20,11.445,11.55,10.381,10.96,356157.95
2021-07-21,10.96,12.849,10.677,12.32,326681.83
2021-07-22,12.32,13.359,11.817,13.165,211686.09
2021-07-23,13.165,13.508,12.341,13.391,35168.67
2021-07-24,13.391,14.041,13.129,13.757,54040.32
2021-07-25,13.757,13.823,13.101,13.729,26577.49
2021-07-26,13.729,15.284,13.644,13.933,118190.74
2021-07-27,13.933,14.533,13.38,14.387,57285.93
2021-07-28,14.387,14.736,13.938,14.522,36498.45
2021-07-29,14.522,15.39,14.271,15.25,37081.42
2021-07-30,15.25,15.832,14.414,15.789,62969.82
2021-07-31,15.789,16.992,15.592,16.78,55533.24
2021-08-01,16.78,19.876,16.565,18.458,167585.28
2021-08-02,18.458,18.876,17.59,18.005,52176.08
2021-08-03,18.005,18.519,16.835,17.404,37052.04
2021-08-04,17.404,19.561,17.109,19.155,37034.76
2021-08-05,19.155,19.458,17.861,19.106,29663.41
2021-08-06,19.106,20.737,18.555,20.404,39570.58
2021-08-07,20.404,21.661,20.076,20.984,39841.99
2021-08-08,20.984,21.183,19.233,19.653,32282.08
2021-08-09,19.653,21.236,18.735,20.591,30109.45
2021-08-10,20.591,21.395,20.119,20.614,40150.14
2021-08-11,20.614,22.451,20.562,21.374,36239.33
2021-08-12,21.374,22.29,19.94,20.758,47638.92
2021-08-13,20.758,22.713,20.532,22.713,322502.6
2021-08-14,22.713,23.453,21.809,22.84,31424.57
2021-08-15,22.84,23.325,21.823,23.15,36590.56
2021-08-16,23.15,25.671,22.86,24.426,52821.5
2021-08-17,24.426,27.384,23.043,23.532,95948.47
2021-08-18,23.532,25.145,22.517,23.922,107880.65
2021-08-19,23.922,26.828,23.474,26.566,1050246.07
2021-08-20,26.566,28.464,26.1,28.15,942779.31
2021-08-21,28.15,29.34,27.489,27.878,814512.15
2021-08-22,27.878,28.507,26.56,27.668,607021.35
2021-08-23,27.668,28.616,27.346,27.898,1065549.71
2021-08-24,27.898,28.163,24.428,25.096,1974820.88
2021-08-25,25.096,26.544,24.515,25.982,1979856.9
2021-08-26,25.982,26.387,23.462,23.936,2266521.93
2021-08-27,23.936,26.765,23.467,26.542,1811789.58
2021-08-28,26.542,26.752,25.438,25.945,893758.4
2021-08-29,25.945,26.449,25.286,25.717,811824.15
2021-08-30,25.717,27.553,24.318,26.021,1298079.7
2021-08-31,26.021,31.932,25.645,31.362,1140062.07
2021-09-01,31.362,33.829,29.639,33.17,101094.06
2021-09-02,33.17,33.19,31.357,31.805,62774.25
2021-09-03,31.805,33.986,31.033,33.56,63813.62
2021-09-04,33.56,34.1,32.046,32.38,33258.13
2021-09-05,32.38,34.751,31.985,34.412,36144.33
2021-09-06,34.412,35.046,32.402,34.349,59690.18
2021-09-07,34.349,35.678,22.091,27.835,302356.98
2021-09-08,27.835,28.865,25.227,27.75,141561.14
2021-09-09,27.75,31.826,27.04,29.831,151008.77
2021-09-10,29.831,32.631,28.02,29.184,209378.72
2021-09-11,29.184,32.064,28.291,31.578,91483.36
2021-09-12,31.578,36.425,30.693,35.86,188061.54
2021-09-13,35.86,37.97,31.689,34.87,356472.88
2021-09-14,34.87,38.733,34.094,37.366,103589.99
2021-09-15,37.366,37.975,35.59,36.452,48987.24
2021-09-16,36.452,36.984,34.071,35.538,71754.76
2021-09-17,35.538,36.911,32.221,33.001,60729.18
2021-09-18,33.001,35.888,32.531,34.868,41918.92
2021-09-19,34.868,34.879,33.042,33.813,41088.61
2021-09-20,33.813,33.897,26.641,28.286,162858.2
2021-09-21,28.286,30.369,25.515,26.317,133607.28
2021-09-22,26.317,31.989,25.937,31.58,101185.22
2021-09-23,31.58,33.573,30.386,33.444,64872.07
2021-09-24,33.444,33.513,27.939,30.83,189272.72
2021-09-25,30.83,32.187,29.427,29.822,80884.77
2021-09-26,29.822,30.047,26.783,28.882,104064.19
2021-09-27,28.882,30.229,27.595,27.704,44900.93
2021-09-28,27.704,28.367,26.147,26.329,56677.18
2021-09-29,26.329,28.57,26.1,27.287,85017.32
2021-09-30,27.287,28.962,27.119,28.6,55849.66
2021-10-01,28.6,32.304,28.527,31.967,58508.44
2021-10-02,31.967,33.38,31.547,32.029,36336.01
2021-10-03,32.029,32.666,31.3,32.087,21935.21
2021-10-04,32.087,32.088,30.07,31.148,35536.32
2021-10-05,31.148,32.124,30.552,31.392,33400.25
2021-10-06,31.392,33.052,29.134,32.195,77294.79
2021-10-07,32.195,35.29,30.957,33.97,104634.71
2021-10-08,33.97,34.471,33.05,33.32,41410.95
2021-10-09,33.32,36.88,33.01,36.315,71932.99
2021-10-10,36.315,37.43,34.18,34.43,74099.39
2021-10-11,34.43,36.066,33.278,34.154,53277.38
2021-10-12,34.154,35.378,32.094,35.145,65480.26
2021-10-13,35.145,43.195,33.63,41.654,158317.27
2021-10-14,41.654,42.471,39.36,40.745,95351.12
2021-10-15,40.745,44.194,39.48,43.299,122437.97
2021-10-16,43.299,44.749,41.306,41.684,57828.34
2021-10-17,41.684,42.839,39.592,42.081,38703.73
2021-10-18,42.081,43.221,40.287,41.186,49499.66
2021-10-19,41.186,41.607,40.025,41.358,31028.89
2021-10-20,41.358,45.189,41.078,44.373,77324.72
2021-10-21,44.373,45.501,41.987,42.852,68356.39
2021-10-22,42.852,46.361,42.725,43.473,71658.35
2021-10-23,43.473,44.768,43.101,43.974,28206.57
2021-10-24,43.974,44.144,41.321,42.318,41687.35
2021-10-25,42.318,44.771,42.146,44.535,31480.38
2021-10-26,44.535,45.996,43.37,44.916,59249.5
2021-10-27,44.916,45.756,38.33,40.444,292663.37
2021-10-28,40.444,43.078,39.87,41.814,228136.04
2021-10-29,41.814,44.334,41.644,44.114,69374.26
2021-10-30,44.114,44.285,42.162,42.707,50122.96
2021-10-31,42.707,43.36,41.044,42.718,52154.24
2021-11-01,42.718,51.464,41.735,50.025,134475.97
2021-11-02,50.025,53.274,48.054,51.593,208874.99
2021-11-03,51.593,54.517,49.167,53.325,177580.07
2021-11-04,53.325,55.043,52.183,53.844,57260.86
2021-11-05,53.844,53.899,50.582,51.741,35904.08
2021-11-06,51.741,52.393,49.018,51.947,42015.43
2021-11-07,51.947,53.484,51.321,52.189,36106.48
2021-11-08,52.189,53.842,51.674,53.351,29994.58
2021-11-09,53.351,53.355,50.531,50.756,37612.17
2021-11-10,50.756,52.037,42.605,46.851,182678.18
2021-11-11,46.851,49.426,45.58,47.5,39659.24
2021-11-12,47.5,47.72,44.063,45.894,38947.41
2021-11-13,45.894,47.507,44.876,47.09,20047.43
2021-11-14,47.09,47.807,45.043,46.398,12966.33
2021-11-15,46.398,47.461,44.54,44.718,27227.11
2021-11-16,44.718,44.747,38.148,40.841,129071.15
2021-11-17,40.841,42.783,38.799,42.78,35021.01
2021-11-18,42.78,45.0,37.601,39.061,78376.44
2021-11-19,39.061,42.273,38.411,41.209,26278.36
2021-11-20,41.209,42.083,39.9,42.065,25798.18
2021-11-21,42.065,43.567,40.653,42.05,25676.64
2021-11-22,42.05,42.117,38.829,39.499,35620.64
2021-11-23,39.499,41.444,38.598,40.776,19021.64
2021-11-24,40.776,40.88,38.08,38.315,30087.93
2021-11-25,38.315,40.913,38.069,39.416,25505.92
2021-11-26,39.416,39.604,33.72,34.503,135042.85
2021-11-27,34.503,35.943,34.438,35.182,30562.83
2021-11-28,35.182,35.816,32.254,35.739,99666.46
2021-11-29,35.739,37.507,35.435,37.073,41908.49
2021-11-30,37.073,39.323,35.448,37.895,43576.79
2021-12-01,37.895,38.742,36.239,36.756,35097.66
2021-12-02,36.756,36.762,35.085,35.772,30613.99
2021-12-03,35.772,36.803,32.6,33.715,26474.1
2021-12-04,33.715,33.835,24.5,29.375,146295.63
2021-12-05,29.375,29.729,26.46,28.282,74846.0
2021-12-06,28.282,28.894,24.882,28.146,53869.57
2021-12-07,28.146,31.471,27.716,30.488,38779.52
2021-12-08,30.488,30.596,28.06,29.798,37001.48
2021-12-09,29.798,30.085,26.817,26.933,29752.55
2021-12-10,26.933,28.418,25.76,26.408,44401.76
2021-12-11,26.408,28.152,25.837,27.728,30088.54
2021-12-12,27.728,30.007,27.317,29.596,26044.5
2021-12-13,29.596,29.824,25.552,25.953,36189.02
2021-12-14,25.953,26.684,25.035,26.181,35203.14
2021-12-15,26.181,28.011,24.3,27.138,45455.62
2021-12-16,27.138,27.809,25.764,26.028,35873.66
2021-12-17,26.028,26.198,24.2,24.656,25575.14
2021-12-18,24.656,25.717,24.232,25.486,18917.73
2021-12-19,25.486,25.844,24.673,24.781,19313.0
2021-12-20,24.781,24.999,23.22,24.049,17485.9
2021-12-21,24.049,25.596,23.752,25.175,21501.6
2021-12-22,25.175,28.2,24.995,27.226,54390.23
2021-12-23,27.226,29.751,26.771,29.13,30788.82
2021-12-24,29.13,29.9,27.876,28.104,21329.11
2021-12-25,28.104,29.11,27.969,28.839,16746.78
2021-12-26,28.839,31.729,28.289,31.322,25854.29
2021-12-27,31.322,32.756,30.854,30.927,19880.88
2021-12-28,30.927,30.964,27.558,27.832,35471.29
2021-12-29,27.832,29.0,26.509,26.766,28245.81
2021-12-30,26.766,28.389,26.214,27.56,19008.95
2021-12-31,27.56,28.114,26.269,26.662,22925.15
2022-01-01,26.662,28.595,26.662,28.573,13310.11
2022-01-02,28.573,30.558,27.837,29.692,18593.85
2022-01-03,29.692,30.85,28.657,30.106,22880.2
2022-01-04,30.106,30.561,28.684,28.718,20991.85
2022-01-05,28.718,30.368,25.0,26.677,24374.97
2022-01-06,26.677,27.343,25.532,26.706,19698.06
2022-01-07,26.706,26.833,24.3,24.853,23701.37
2022-01-08,24.853,25.519,23.15,23.958,36014.61
2022-01-09,23.958,25.296,23.725,24.602,14720.34
2022-01-10,24.602,25.3,22.461,23.772,41209.39
2022-01-11,23.772,26.009,23.518,25.544,26047.86
2022-01-12,25.544,27.56,25.463,27.303,25045.73
2022-01-13,27.303,27.62,25.724,25.78,25644.07
2022-01-14,25.78,27.852,25.5,27.726,15734.85
2022-01-15,27.726,28.379,26.856,27.614,13563.17
2022-01-16,27.614,28.426,27.297,27.678,12473.72
2022-01-17,27.678,27.731,25.105,25.681,21623.03
2022-01-18,25.681,26.0,24.274,25.168,16857.13
2022-01-19,25.168,25.278,23.692,24.094,13387.16
2022-01-20,24.094,25.586,22.862,23.02,21320.27
2022-01-21,23.02,23.45,19.086,19.703,37281.85
2022-01-22,19.703,20.122,16.2,18.28,80474.66
2022-01-23,18.28,19.173,17.744,18.823,25028.81
2022-01-24,18.823,18.823,15.88,18.034,42101.82
2022-01-25,18.034,19.021,17.377,18.306,37751.15
2022-01-26,18.306,20.029,17.54,18.035,26171.83
2022-01-27,18.035,18.47,17.234,18.115,20154.95
2022-01-28,18.115,18.471,17.392,18.345,12512.25
2022-01-29,18.345,19.0,18.085,18.726,10718.06
2022-01-30,18.726,18.975,17.807,18.157,15309.57
2022-01-31,18.157,19.599,17.141,19.38,17236.62
2022-02-01,19.38,19.974,19.17,19.568,18070.51
2022-02-02,19.568,20.571,18.611,18.776,15166.03
2022-02-03,18.776,18.963,18.0,18.892,14249.99
2022-02-04,18.892,20.5,18.726,20.451,43584.16
2022-02-05,20.451,22.272,20.325,21.35,15955.54
2022-02-06,21.35,21.925,20.79,21.913,8807.03
2022-02-07,21.913,22.665,21.415,22.347,10525.65
2022-02-08,22.347,23.165,21.08,21.632,29675.81
2022-02-09,21.632,22.216,21.073,21.931,46984.88
2022-02-10,21.931,22.432,20.508,20.508,68197.16
2022-02-11,20.508,20.716,18.605,18.98,42100.38
2022-02-12,18.98,19.414,18.269,18.815,36384.17
2022-02-13,18.815,19.268,18.383,18.738,23362.58
2022-02-14,18.738,18.917,18.038,18.695,19827.67
2022-02-15,18.695,20.329,18.649,20.166,20729.18
2022-02-16,20.166,20.192,19.074,19.74,20260.71
2022-02-17,19.74,20.01,17.82,18.183,76554.99
2022-02-18,18.183,18.579,17.636,17.832,43499.2
2022-02-19,17.832,18.211,17.359,17.85,61494.56
2022-02-20,17.85,17.854,16.697,16.901,183679.87
2022-02-21,16.901,17.746,16.038,16.181,334498.65
2022-02-22,16.181,16.708,15.799,16.614,238277.33
2022-02-23,16.614,17.5,15.927,15.956,238841.25
2022-02-24,15.956,16.676,14.069,16.155,599815.3
2022-02-25,16.155,17.49,15.783,17.252,214685.76
2022-02-26,17.252,18.714,17.198,18.003,162357.87
2022-02-27,18.003,18.692,17.095,17.501,160569.04
2022-02-28,17.501,19.084,16.64,18.962,189725.96
2022-03-01,18.962,19.545,18.347,18.878,146662.4
2022-03-02,18.878,19.245,18.369,18.594,126801.4
2022-03-03,18.594,18.661,17.779,18.015,88016.16
2022-03-04,18.015,18.054,16.485,16.768,116151.77
2022-03-05,16.768,17.782,16.203,17.319,79465.83
2022-03-06,17.319,17.58,16.53,16.967,83028.23
2022-03-07,16.967,17.12,16.02,16.42,123649.4
2022-03-08,16.42,17.25,16.321,16.972,104492.39
2022-03-09,16.972,18.08,16.895,17.856,60862.49
2022-03-10,17.856,17.917,16.679,16.95,111035.96
2022-03-11,16.95,18.469,16.706,17.699,171787.26
2022-03-12,17.699,18.722,17.683,18.127,94207.81
2022-03-13,18.127,18.379,17.142,17.228,652907.58
2022-03-14,17.228,17.841,17.018,17.693,354583.42
2022-03-15,17.693,18.049,17.052,17.793,85079.78
2022-03-16,17.793,19.182,17.694,19.056,194489.6
2022-03-17,19.056,19.329,18.638,18.75,63509.01
2022-03-18,18.75,19.193,18.135,18.959,161991.35
2022-03-19,18.959,19.772,18.868,19.391,215304.77
2022-03-20,19.391,19.453,18.336,18.647,415248.88
2022-03-21,18.647,19.086,18.432,18.765,452097.27
2022-03-22,18.765,20.464,18.662,20.209,436288.25
2022-03-23,20.209,21.113,19.825,20.997,743707.64
2022-03-24,20.997,21.473,20.284,21.252,796038.19
2022-03-25,21.252,21.385,20.202,20.53,610211.96
2022-03-26,20.53,21.038,20.254,20.915,371258.05
2022-03-27,20.915,22.468,20.723,22.449,457949.57
2022-03-28,22.449,23.316,21.809,21.97,719594.8
2022-03-29,21.97,22.939,21.857,22.452,713048.85
2022-03-30,22.452,22.998,21.656,22.44,599035.93
2022-03-31,22.44,23.052,21.126,21.32,558736.43
2022-04-01,21.32,22.154,20.618,22.045,357508.81
2022-04-02,22.045,23.832,21.957,22.573,549274.37
2022-04-03,22.573,23.595,22.542,23.203,280917.77
2022-04-04,23.203,23.229,21.616,22.881,312140.68
2022-04-05,22.881,23.114,21.7,21.788,227095.07
2022-04-06,21.788,21.791,19.708,19.854,734578.2
2022-04-07,19.854,20.638,19.478,20.395,399771.32
2022-04-08,20.395,20.581,19.151,19.423,277599.4
2022-04-09,19.423,19.827,19.294,19.761,141473.53
2022-04-10,19.761,20.235,19.165,19.219,154095.0
2022-04-11,19.219,19.284,17.002,17.19,582069.76
2022-04-12,17.19,18.025,17.176,17.767,335158.38
2022-04-13,17.767,18.29,17.368,18.186,212894.36
2022-04-14,18.186,18.481,17.464,17.927,174127.38
2022-04-15,17.927,18.422,17.783,18.346,498494.72
2022-04-16,18.346,18.69,18.183,18.6,117433.88
2022-04-17,18.6,18.811,17.663,17.746,851940.31
2022-04-18,17.746,18.345,17.107,18.155,2273282.58
2022-04-19,18.155,18.946,18.035,18.885,727561.87
2022-04-20,18.885,19.529,18.537,19.085,1758121.57
2022-04-21,19.085,19.663,18.043,18.168,1542912.4
2022-04-22,18.168,18.518,18.07,18.273,1441484.92
2022-04-23,18.273,19.255,17.989,18.687,1130014.54
2022-04-24,18.687,19.155,18.078,18.151,1143655.61
2022-04-25,18.151,18.242,17.139,18.111,2226491.51
2022-04-26,18.111,18.319,16.418,16.682,2117941.24
2022-04-27,16.682,17.264,16.486,16.945,1911582.6
2022-04-28,16.945,17.39,16.746,16.979,1515369.7
2022-04-29,16.979,17.062,16.001,16.177,1284282.71
2022-04-30,16.177,16.435,14.195,14.502,2262967.41
2022-05-01,14.502,15.525,14.49,15.342,1903453.6
2022-05-02,15.342,15.585,14.566,14.952,2066984.51
2022-05-03,14.952,15.228,14.516,14.711,1205499.99
2022-05-04,14.711,16.338,14.654,16.314,2015377.88
2022-05-05,16.314,16.43,14.07,14.564,4104667.93
2022-05-06,14.564,14.682,13.821,14.31,5285195.92
2022-05-07,14.31,14.376,13.395,13.752,2217363.93
2022-05-08,13.752,13.86,13.023,13.244,3530959.7
2022-05-09,13.244,13.482,10.528,10.619,13305188.82
2022-05-10,10.619,12.423,10.28,11.342,22262869.81
2022-05-11,11.342,11.639,8.045,9.074,21322521.91
2022-05-12,9.074,9.509,7.323,8.694,23640155.36
2022-05-13,8.694,11.778,8.553,10.449,13664244.61
2022-05-14,10.449,11.539,9.763,11.287,5667264.89
2022-05-15,11.287,11.872,10.601,11.783,3011572.58
2022-05-16,11.783,11.794,10.369,10.619,3122398.19
2022-05-17,10.619,11.323,10.429,11.03,1845197.8
2022-05-18,11.03,11.18,9.458,9.473,1871246.21
2022-05-19,9.473,10.381,9.228,10.021,2000061.27
2022-05-20,10.021,10.242,9.444,9.667,1667089.64
2022-05-21,9.667,10.084,9.485,9.992,757212.56
2022-05-22,9.992,10.321,9.866,10.167,570645.72
2022-05-23,10.167,10.728,9.808,9.877,978920.06
2022-05-24,9.877,10.255,9.571,10.177,1004981.29
2022-05-25,10.177,10.332,9.776,9.86,924560.22
2022-05-26,9.86,9.999,8.84,9.14,1809361.53
2022-05-27,9.14,9.981,8.566,9.113,2618903.98
2022-05-28,9.113,9.784,8.957,9.654,1321561.1
2022-05-29,9.654,10.017,9.33,9.988,1402314.83
2022-05-30,9.988,10.771,9.9,10.469,1284159.63
2022-05-31,10.469,10.648,9.97,10.343,1399162.24
2022-06-01,10.343,10.741,9.262,9.459,1721241.53
2022-06-02,9.459,10.042,9.309,9.9,1111047.89
2022-06-03,9.9,9.925,9.21,9.372,1096998.7
2022-06-04,9.372,9.571,9.148,9.442,689355.12
2022-06-05,9.442,9.552,9.259,9.345,580659.16
2022-06-06,9.345,9.929,9.328,9.505,854060.6
2022-06-07,9.505,9.51,8.861,9.225,1171071.84
2022-06-08,9.225,9.395,8.913,9.006,1069141.99
2022-06-09,9.006,9.468,8.914,9.236,873290.75
2022-06-10,9.236,9.361,8.539,8.67,1415369.39
2022-06-11,8.67,8.846,7.915,8.028,1704552.82
2022-06-12,8.028,8.109,7.384,7.397,2543954.82
2022-06-13,7.397,7.477,6.381,7.041,6692579.94
2022-06-14,7.041,7.55,6.679,7.356,5209540.09
2022-06-15,7.356,8.796,6.841,8.514,5921237.4
2022-06-16,8.514,8.542,6.983,7.128,4871495.13
2022-06-17,7.128,7.466,7.046,7.276,4143576.9
2022-06-18,7.276,7.415,6.457,7.046,4873228.48
2022-06-19,7.046,7.646,6.766,7.527,3722532.92
2022-06-20,7.527,8.022,7.179,7.875,3033020.42
2022-06-21,7.875,8.273,7.681,7.763,2244096.98
2022-06-22,7.763,7.817,7.357,7.394,2595473.02
2022-06-23,7.394,7.823,7.378,7.783,1585957.87
2022-06-24,7.783,8.342,7.728,8.175,1981390.9
2022-06-25,8.175,8.366,7.792,8.132,1653499.83
2022-06-26,8.132,8.5,7.812,7.833,1563314.25
2022-06-27,7.833,8.2,7.675,7.727,1381378.79
2022-06-28,7.727,7.998,7.269,7.315,1661718.49
2022-06-29,7.315,7.444,6.955,7.033,2050030.25
2022-06-30,7.033,7.099,6.641,7.069,2015732.58
2022-07-01,7.069,7.262,6.55,6.749,2369095.83
2022-07-02,6.749,6.909,6.623,6.828,1420340.53
2022-07-03,6.828,6.997,6.613,6.857,855177.64
2022-07-04,6.857,7.208,6.667,7.163,1209806.72
2022-07-05,7.163,7.218,6.603,6.847,2322455.65
2022-07-06,6.847,7.011,6.704,6.925,1950529.18
2022-07-07,6.925,7.346,6.883,7.306,740797.45
2022-07-08,7.306,7.452,6.908,7.046,1007236.49
2022-07-09,7.046,7.36,7.034,7.255,772661.27
2022-07-10,7.255,7.263,6.766,6.857,448393.81
2022-07-11,6.857,6.913,6.505,6.522,1099972.17
2022-07-12,6.522,6.635,6.26,6.288,999779.55
2022-07-13,6.288,6.555,6.015,6.461,1392166.22
2022-07-14,6.461,6.767,6.285,6.727,922576.42
2022-07-15,6.727,6.989,6.655,6.793,934640.2
2022-07-16,6.793,7.22,6.554,7.192,736526.87
2022-07-17,7.192,7.328,6.873,6.912,718698.08
2022-07-18,6.912,7.724,6.897,7.659,1102303.92
2022-07-19,7.659,8.026,7.486,7.796,1766673.48
2022-07-20,7.796,8.08,7.369,7.464,1361866.43
2022-07-21,7.464,7.594,7.184,7.527,924029.66
2022-07-22,7.527,7.849,7.259,7.291,954816.44
2022-07-23,7.291,7.498,7.078,7.323,868003.06
2022-07-24,7.323,7.581,7.308,7.401,736676.34
2022-07-25,7.401,7.45,6.742,6.748,3177597.22
2022-07-26,6.748,6.792,6.522,6.781,3043062.27
2022-07-27,6.781,7.705,6.652,7.675,1068853.22
2022-07-28,7.675,8.067,7.457,7.856,2050549.25
2022-07-29,7.856,8.43,7.766,8.183,945778.61
2022-07-30,8.183,8.846,8.151,8.198,807673.12
2022-07-31,8.198,9.206,8.077,8.632,780307.69
2022-08-01,8.632,8.997,8.026,8.18,627410.82
2022-08-02,8.18,8.276,7.681,7.924,905621.84
2022-08-03,7.924,8.438,7.681,7.995,480313.78
2022-08-04,7.995,8.278,7.886,8.093,642401.09
2022-08-05,8.093,8.84,8.074,8.811,920997.17
2022-08-06,8.811,8.887,8.47,8.51,481578.7
2022-08-07,8.51,8.922,8.348,8.658,496452.43
2022-08-08,8.658,9.392,8.638,9.276,724000.3
2022-08-09,9.276,9.456,8.641,8.892,575229.93
2022-08-10,8.892,9.646,8.544,9.529,818359.97
2022-08-11,9.529,9.648,9.131,9.198,641739.57
2022-08-12,9.198,9.499,9.034,9.478,461764.76
2022-08-13,9.478,9.679,9.25,9.308,339701.21
2022-08-14,9.308,9.558,8.837,8.958,436312.55
2022-08-15,8.958,9.375,8.627,8.786,585254.28
2022-08-16,8.786,8.958,8.639,8.837,573319.18
2022-08-17,8.837,9.167,8.301,8.378,599359.06
2022-08-18,8.378,8.593,7.989,8.085,898723.67
2022-08-19,8.085,8.099,7.227,7.304,1442064.75
2022-08-20,7.304,7.519,7.027,7.226,901749.56
2022-08-21,7.226,7.527,7.161,7.433,720458.38
2022-08-22,7.433,7.448,7.0,7.394,1275593.2
2022-08-23,7.394,7.722,7.184,7.635,728295.32
2022-08-24,7.635,7.777,7.413,7.562,681217.68
2022-08-25,7.562,7.762,7.455,7.588,673711.82
2022-08-26,7.588,7.686,6.855,6.922,1604978.77
2022-08-27,6.922,7.105,6.802,7.048,1253465.39
2022-08-28,7.048,7.147,6.823,6.865,920126.94
2022-08-29,6.865,7.31,6.795,7.275,1313809.37
2022-08-30,7.275,7.37,6.883,7.005,1316586.39
2022-08-31,7.005,7.285,6.979,7.037,1410360.12
2022-09-01,7.037,7.2,6.865,7.173,1438892.33
2022-09-02,7.173,7.573,7.12,7.297,1230875.45
2022-09-03,7.297,7.318,7.163,7.287,734929.12
2022-09-04,7.287,7.413,7.133,7.375,794317.36
2022-09-05,7.375,7.64,7.263,7.367,1058849.84
2022-09-06,7.367,7.692,6.821,6.877,1939993.29
2022-09-07,6.877,7.298,6.753,7.197,1313218.14
2022-09-08,7.197,7.451,7.033,7.388,1739579.76
2022-09-09,7.388,7.941,7.354,7.758,1731261.38
2022-09-10,7.758,7.88,7.585,7.772,1362034.64
2022-09-11,7.772,7.9,7.537,7.698,1220357.95
2022-09-12,7.698,8.051,7.563,7.665,1742146.51
2022-09-13,7.665,7.954,7.03,7.067,1819106.24
2022-09-14,7.067,7.306,7.012,7.206,1144250.42
2022-09-15,7.206,7.24,6.87,6.933,1474854.79
2022-09-16,6.933,6.976,6.7,6.903,716941.02
2022-09-17,6.903,7.159,6.902,7.055,282863.3
2022-09-18,7.055,7.068,6.312,6.443,665033.77
2022-09-19,6.443,6.558,6.093,6.382,1127712.86
2022-09-20,6.382,6.427,6.173,6.283,660774.52
2022-09-21,6.283,6.581,5.97,6.122,822063.79
2022-09-22,6.122,6.518,6.082,6.447,630791.74
2022-09-23,6.447,6.634,6.189,6.435,1856728.0
2022-09-24,6.435,6.506,6.235,6.275,833135.92
2022-09-25,6.275,6.373,6.095,6.209,803864.94
2022-09-26,6.209,6.581,6.153,6.556,2698597.93
2022-09-27,6.556,6.798,6.244,6.368,1821428.49
2022-09-28,6.368,6.477,6.175,6.388,3942125.47
2022-09-29,6.388,6.488,6.26,6.432,2282234.58
2022-09-30,6.432,6.569,6.213,6.32,2019569.67
2022-10-01,6.32,6.334,6.214,6.269,944656.25
2022-10-02,6.269,6.326,6.126,6.151,1603293.26
2022-10-03,6.151,6.402,6.084,6.373,1735544.77
2022-10-04,6.373,6.532,6.346,6.495,974187.99
2022-10-05,6.495,6.512,6.271,6.435,746843.03
2022-10-06,6.435,6.519,6.316,6.337,732323.0
2022-10-07,6.337,6.395,6.255,6.328,584062.07
2022-10-08,6.328,6.394,6.271,6.309,248848.41
2022-10-09,6.309,6.493,6.285,6.478,386596.76
2022-10-10,6.478,6.539,6.236,6.252,750553.09
2022-10-11,6.252,6.252,6.127,6.18,1047085.12
2022-10-12,6.18,6.243,6.129,6.173,640231.53
2022-10-13,6.173,6.179,5.682,6.109,3575726.16
2022-10-14,6.109,6.265,6.012,6.043,1055188.32
2022-10-15,6.043,6.1,6.023,6.052,536560.88
2022-10-16,6.052,6.243,6.046,6.185,624986.54
2022-10-17,6.185,6.289,6.125,6.253,686330.71
2022-10-18,6.253,6.296,6.067,6.157,871885.45
2022-10-19,6.157,6.256,6.071,6.102,864288.3
2022-10-20,6.102,6.151,5.824,5.88,1015855.02
2022-10-21,5.88,5.903,5.732,5.84,2021145.37
2022-10-22,5.84,5.87,5.771,5.845,471602.87
2022-10-23,5.845,5.974,5.755,5.961,657176.83
2022-10-24,5.961,5.989,5.808,5.915,872830.37
2022-10-25,5.915,6.62,5.9,6.434,870391.12
2022-10-26,6.434,6.6,6.414,6.465,641887.6
2022-10-27,6.465,6.637,6.281,6.336,1174303.86
2022-10-28,6.336,6.58,6.267,6.516,792705.58
2022-10-29,6.516,6.772,6.493,6.634,615435.71
2022-10-30,6.634,6.74,6.521,6.653,663497.14
2022-10-31,6.653,6.829,6.571,6.627,895880.66
2022-11-01,6.627,6.718,6.453,6.454,739783.97
2022-11-02,6.454,6.529,6.162,6.253,2436663.12
2022-11-03,6.253,6.53,6.232,6.415,790950.2
2022-11-04,6.415,7.1,6.383,7.058,1864426.12
2022-11-05,7.058,7.244,6.943,7.026,1278655.88
2022-11-06,7.026,7.148,6.791,6.812,1273616.74
2022-11-07,6.812,7.418,6.661,7.118,1228633.49
2022-11-08,7.118,7.199,5.854,6.304,10935946.33
2022-11-09,6.304,6.385,5.339,5.413,9951131.96
2022-11-10,5.413,6.176,5.325,5.97,4635015.32
2022-11-11,5.97,6.003,5.511,5.762,2300939.06
2022-11-12,5.762,5.876,5.564,5.769,1179109.88
2022-11-13,5.769,5.967,5.619,5.74,1398769.93
2022-11-14,5.74,5.893,5.451,5.863,2002581.58
2022-11-15,5.863,6.047,5.799,5.922,709963.62
2022-11-16,5.922,5.992,5.615,5.708,976198.63
2022-11-17,5.708,5.727,5.572,5.674,558635.29
2022-11-18,5.674,5.776,5.61,5.645,401424.57
2022-11-19,5.645,5.66,5.534,5.604,213897.79
2022-11-20,5.604,5.657,5.247,5.295,569694.38
2022-11-21,5.295,5.302,5.073,5.189,1635280.03
2022-11-22,5.189,5.322,5.001,5.277,2253069.88
2022-11-23,5.277,5.493,5.246,5.428,2881191.08
2022-11-24,5.428,5.517,5.333,5.39,799401.65
2022-11-25,5.39,5.392,5.252,5.268,370601.37
2022-11-26,5.268,5.457,5.255,5.303,477230.4
2022-11-27,5.303,5.439,5.263,5.301,334247.43
2022-11-28,5.301,5.319,5.06,5.135,836192.27
2022-11-29,5.135,5.356,5.095,5.308,542088.32
2022-11-30,5.308,5.5,5.301,5.468,1436681.92
2022-12-01,5.468,5.483,5.318,5.41,927204.86
2022-12-02,5.41,5.685,5.369,5.622,1687017.26
2022-12-03,5.622,5.699,5.479,5.496,825233.36
2022-12-04,5.496,5.605,5.489,5.593,551822.42
2022-12-05,5.593,5.729,5.439,5.487,1017329.06
2022-12-06,5.487,5.512,5.422,5.501,512732.38
2022-12-07,5.501,5.523,5.241,5.295,856937.16
2022-12-08,5.295,5.459,5.258,5.428,477887.74
2022-12-09,5.428,5.439,5.259,5.3,283037.87
2022-12-10,5.3,5.329,5.261,5.278,164276.38
2022-12-11,5.278,5.322,5.141,5.165,361707.73
2022-12-12,5.165,5.2,5.021,5.178,2918231.77
2022-12-13,5.178,5.339,4.993,5.288,5632801.95
2022-12-14,5.288,5.358,5.17,5.215,1361022.22
2022-12-15,5.215,5.255,5.118,5.232,598584.93
2022-12-16,5.232,5.249,4.512,4.654,2028397.57
2022-12-17,4.654,4.726,4.586,4.71,455946.96
2022-12-18,4.71,4.717,4.617,4.656,357853.26
2022-12-19,4.656,4.704,4.411,4.48,552582.37
2022-12-20,4.48,4.654,4.461,4.607,299981.96
2022-12-21,4.607,4.617,4.446,4.486,372607.25
2022-12-22,4.486,4.536,4.373,4.531,676904.41
2022-12-23,4.531,4.546,4.454,4.474,830032.03
2022-12-24,4.474,4.491,4.431,4.454,371680.07
2022-12-25,4.454,4.497,4.401,4.491,414249.68
2022-12-26,4.491,4.579,4.465,4.572,412548.25
2022-12-27,4.572,4.579,4.456,4.48,687190.26
2022-12-28,4.48,4.484,4.246,4.287,1133531.73
2022-12-29,4.287,4.358,4.228,4.308,668666.51
2022-12-30,4.308,4.339,4.229,4.325,513563.12
2022-12-31,4.325,4.394,4.3,4.308,444205.17
2023-01-01,4.308,4.39,4.275,4.371,473385.96
2023-01-02,4.371,4.536,4.321,4.493,789223.42
2023-01-03,4.493,4.545,4.465,4.527,434665.77
2023-01-04,4.527,4.686,4.527,4.633,563795.95
2023-01-05,4.633,4.649,4.545,4.619,389999.21
2023-01-06,4.619,4.705,4.554,4.684,494359.37
2023-01-07,4.684,4.705,4.637,4.665,246201.58
2023-01-08,4.665,4.827,4.603,4.827,503059.19
2023-01-09,4.827,5.079,4.801,4.888,1054339.38
2023-01-10,4.888,4.969,4.825,4.921,495618.39
2023-01-11,4.921,5.137,4.828,5.135,246933.01
2023-01-12,5.135,5.26,5.017,5.233,928516.31
2023-01-13,5.233,5.423,5.163,5.4,440148.48
2023-01-14,5.4,6.514,5.395,6.026,2620200.95
2023-01-15,6.026,6.065,5.77,5.928,900509.48
2023-01-16,5.928,6.083,5.615,5.811,841378.2
2023-01-17,5.811,6.206,5.697,5.952,485071.4
2023-01-18,5.952,6.215,5.6,5.648,903548.1
2023-01-19,5.648,5.842,5.645,5.802,213151.13
2023-01-20,5.802,6.297,5.753,6.249,293084.12
2023-01-21,6.249,6.464,6.016,6.238,632846.84
2023-01-22,6.238,6.455,6.085,6.205,333003.51
2023-01-23,6.205,6.826,6.197,6.557,1375108.27
2023-01-24,6.557,6.703,6.115,6.191,830275.7
2023-01-25,6.191,6.56,6.017,6.394,1142352.59
2023-01-26,6.394,6.561,6.308,6.47,787007.38
2023-01-27,6.47,6.62,6.275,6.579,145228.1
2023-01-28,6.579,6.659,6.329,6.393,59268.51
2023-01-29,6.393,6.699,6.33,6.607,86044.85
2023-01-30,6.607,6.649,6.029,6.189,179414.88
2023-01-31,6.189,6.325,6.142,6.262,216819.36
2023-02-01,6.262,6.489,6.032,6.463,762372.85
2023-02-02,6.463,6.904,6.45,6.542,858811.46
2023-02-03,6.542,7.124,6.504,7.007,923889.99
2023-02-04,7.007,7.071,6.816,6.873,258988.52
2023-02-05,6.873,6.894,6.514,6.638,532858.29
2023-02-06,6.638,6.789,6.426,6.497,379961.37
2023-02-07,6.497,6.948,6.476,6.944,409133.83
2023-02-08,6.944,7.018,6.619,6.759,386710.55
2023-02-09,6.759,6.975,6.091,6.233,1401990.03
2023-02-10,6.233,6.307,6.121,6.185,516617.36
2023-02-11,6.185,6.292,6.157,6.277,151533.27
2023-02-12,6.277,6.38,6.079,6.18,229840.34
2023-02-13,6.18,6.239,5.882,6.142,560827.34
2023-02-14,6.142,6.265,6.013,6.226,511402.23
2023-02-15,6.226,6.613,6.161,6.611,308110.69
2023-02-16,6.611,6.741,6.325,6.325,692491.15
2023-02-17,6.325,7.412,6.294,7.284,1611357.69
2023-02-18,7.284,7.369,7.114,7.233,294937.52
2023-02-19,7.233,7.885,7.186,7.446,711967.67
2023-02-20,7.446,7.569,7.249,7.551,141355.92
2023-02-21,7.551,7.567,7.122,7.247,41241.41
2023-02-22,7.247,7.268,6.888,7.185,38236.04
2023-02-23,7.185,7.382,7.016,7.092,31093.53
2023-02-24,7.092,7.143,6.475,6.613,54960.04
2023-02-25,6.613,6.651,6.346,6.543,52321.38
2023-02-26,6.543,6.728,6.504,6.691,29167.98
2023-02-27,6.691,6.784,6.497,6.582,17783.67
2023-02-28,6.582,6.602,6.284,6.347,63322.45
2023-03-01,6.347,6.59,6.317,6.538,60271.98
2023-03-02,6.538,6.551,6.229,6.335,55236.02
2023-03-03,6.335,6.335,5.8,6.037,101915.35
2023-03-04,6.037,6.055,5.74,5.916,58316.99
2023-03-05,5.916,6.06,5.899,5.976,52787.58
2023-03-06,5.976,6.035,5.865,5.919,60351.7
2023-03-07,5.919,6.008,5.746,5.841,78787.91
2023-03-08,5.841,5.936,5.507,5.599,127085.01
2023-03-09,5.599,5.8,5.265,5.386,133122.11
2023-03-10,5.386,5.582,5.153,5.547,185529.83
2023-03-11,5.547,5.673,5.23,5.466,179719.93
2023-03-12,5.466,5.907,5.361,5.886,172516.14
2023-03-13,5.886,6.141,5.707,6.1,730479.97
2023-03-14,6.1,6.534,5.987,6.227,549772.87
2023-03-15,6.227,6.375,5.781,5.877,460407.02
2023-03-16,5.877,6.138,5.765,6.087,246327.45
2023-03-17,6.087,6.626,6.026,6.622,294236.63
2023-03-18,6.622,6.696,6.285,6.31,251807.81
2023-03-19,6.31,6.601,6.31,6.45,218015.91
2023-03-20,6.45,6.482,6.057,6.092,244605.48
2023-03-21,6.092,6.442,6.005,6.371,188103.0
2023-03-22,6.371,6.382,5.915,6.052,246817.08
2023-03-23,6.052,6.417,6.0,6.321,69899.66
2023-03-24,6.321,6.335,5.952,6.018,272295.06
2023-03-25,6.018,6.077,5.834,5.907,20676.17
2023-03-26,5.907,6.103,5.883,6.044,23444.67
2023-03-27,6.044,6.103,5.748,5.874,50805.04
2023-03-28,5.874,6.107,5.791,6.06,25388.65
2023-03-29,6.06,6.28,6.05,6.177,36048.08
2023-03-30,6.177,6.29,6.029,6.121,33358.42
2023-03-31,6.121,6.371,6.104,6.342,64810.23
2023-04-01,6.342,6.388,6.196,6.346,44863.71
2023-04-02,6.346,6.44,6.185,6.259,51544.46
2023-04-03,6.259,6.499,6.097,6.424,49844.08
2023-04-04,6.424,6.53,6.37,6.439,40686.68
2023-04-05,6.439,6.583,6.325,6.403,51635.95
2023-04-06,6.403,6.414,6.257,6.279,66743.22
2023-04-07,6.279,6.318,6.135,6.179,85434.85
2023-04-08,6.179,6.232,6.096,6.129,50172.52
2023-04-09,6.129,6.257,6.097,6.21,54593.45
2023-04-10,6.21,6.31,6.119,6.288,95394.25
2023-04-11,6.288,6.486,6.253,6.419,100157.13
2023-04-12,6.419,6.466,6.216,6.401,81999.07
2023-04-13,6.401,6.65,6.349,6.635,48386.88
2023-04-14,6.635,6.838,6.547,6.724,86637.78
2023-04-15,6.724,6.87,6.633,6.805,43124.87
2023-04-16,6.805,6.872,6.676,6.828,128730.82
2023-04-17,6.828,6.833,6.633,6.693,50536.46
2023-04-18,6.693,6.98,6.587,6.913,109405.73
2023-04-19,6.913,6.913,6.242,6.312,239280.98
2023-04-20,6.312,6.434,6.069,6.111,133891.13
2023-04-21,6.111,6.169,5.78,5.851,99049.95
2023-04-22,5.851,5.974,5.82,5.946,46814.34
2023-04-23,5.946,5.97,5.77,5.91,59287.34
2023-04-24,5.91,6.02,5.8,5.887,80725.54
2023-04-25,5.887,6.01,5.778,5.998,57373.05
2023-04-26,5.998,6.214,5.603,5.849,167655.54
2023-04-27,5.849,6.05,5.83,5.968,104000.31
2023-04-28,5.968,5.978,5.776,5.947,50575.29
2023-04-29,5.947,6.052,5.925,6.04,53971.46
2023-04-30,6.04,6.084,5.849,5.876,39540.37
2023-05-01,5.876,5.906,5.597,5.666,106939.92
2023-05-02,5.666,5.756,5.624,5.71,80354.56
2023-05-03,5.71,5.808,5.559,5.776,94960.35
2023-05-04,5.776,5.797,5.618,5.672,36148.7
2023-05-05,5.672,5.9,5.667,5.848,59289.17
2023-05-06,5.848,5.886,5.594,5.633,48103.16
2023-05-07,5.633,5.7,5.602,5.627,21723.53
2023-05-08,5.627,5.649,5.17,5.367,73594.43
2023-05-09,5.367,5.408,5.292,5.323,18334.92
2023-05-10,5.323,5.52,5.21,5.464,50079.69
2023-05-11,5.464,5.467,5.18,5.277,32112.4
2023-05-12,5.277,5.35,5.122,5.34,47182.09
2023-05-13,5.34,5.394,5.314,5.345,16945.13
2023-05-14,5.345,5.445,5.313,5.347,33435.75
2023-05-15,5.347,5.429,5.272,5.314,17922.79
2023-05-16,5.314,5.337,5.234,5.297,18333.08
2023-05-17,5.297,5.436,5.221,5.422,35178.86
2023-05-18,5.422,5.466,5.25,5.338,28851.63
2023-05-19,5.338,5.389,5.319,5.373,20367.0
2023-05-20,5.373,5.445,5.332,5.411,16066.78
2023-05-21,5.411,5.431,5.249,5.274,18182.41
2023-05-22,5.274,5.336,5.23,5.31,29146.1
2023-05-23,5.31,5.449,5.293,5.4,27261.61
2023-05-24,5.4,5.403,5.197,5.254,39334.52
2023-05-25,5.254,5.294,5.144,5.244,20313.85
2023-05-26,5.244,5.27,5.192,5.245,24703.83
2023-05-27,5.245,5.373,5.231,5.335,36243.56
2023-05-28,5.335,5.56,5.316,5.502,40769.53
2023-05-29,5.502,5.539,5.419,5.459,21537.36
2023-05-30,5.459,5.527,5.411,5.44,41594.5
2023-05-31,5.44,5.461,5.271,5.314,22223.1
2023-06-01,5.314,5.333,5.189,5.207,19858.84
2023-06-02,5.207,5.299,5.16,5.276,59461.77
2023-06-03,5.276,5.34,5.24,5.34,19989.17
2023-06-04,5.34,5.383,5.31,5.313,35699.06
2023-06-05,5.313,5.321,4.898,5.068,42292.89
2023-06-06,5.068,5.265,4.991,5.203,48920.22
2023-06-07,5.203,5.21,4.979,5.023,63292.97
2023-06-08,5.023,5.057,4.975,5.021,32085.41
2023-06-09,5.021,5.069,4.93,4.982,28006.62
2023-06-10,4.982,4.984,4.2,4.518,162405.83
2023-06-11,4.518,4.55,4.429,4.522,32368.5
2023-06-12,4.522,4.555,4.419,4.534,28572.98
2023-06-13,4.534,4.714,4.499,4.628,114077.4
2023-06-14,4.628,4.8,4.51,4.57,35070.53
2023-06-15,4.57,4.617,4.274,4.374,78834.73
2023-06-16,4.374,4.46,4.277,4.42,41035.38
2023-06-17,4.42,4.568,4.396,4.53,31163.26
2023-06-18,4.53,4.665,4.48,4.537,30944.74
2023-06-19,4.537,4.588,4.441,4.529,17731.05
2023-06-20,4.529,4.673,4.376,4.661,34836.8
2023-06-21,4.661,4.857,4.638,4.821,60933.78
2023-06-22,4.821,4.975,4.76,4.824,43762.89
2023-06-23,4.824,5.138,4.822,5.1,37760.25
2023-06-24,5.1,5.137,4.926,5.008,45067.55
2023-06-25,5.008,5.242,5.003,5.193,32181.99
2023-06-26,5.193,5.238,5.006,5.023,31350.98
2023-06-27,5.023,5.151,5.0,5.093,25498.04
2023-06-28,5.093,5.1,4.76,4.879,24842.84
2023-06-29,4.879,5.232,4.871,4.984,32113.05
2023-06-30,4.984,5.199,4.8,5.182,51436.03
2023-07-01,5.182,5.365,5.113,5.35,46228.9
2023-07-02,5.35,5.528,5.225,5.497,63616.07
2023-07-03,5.497,5.632,5.382,5.431,38739.23
2023-07-04,5.431,5.509,5.262,5.348,61093.69
2023-07-05,5.348,5.38,5.123,5.204,38185.35
2023-07-06,5.204,5.364,5.012,5.016,37725.06
2023-07-07,5.016,5.177,4.978,5.119,47029.42
2023-07-08,5.119,5.196,5.055,5.128,32988.14
2023-07-09,5.128,5.161,5.065,5.08,36747.83
2023-07-10,5.08,5.228,4.984,5.13,30627.89
2023-07-11,5.13,5.217,5.09,5.213,24015.96
2023-07-12,5.213,5.309,5.103,5.146,21857.86
2023-07-13,5.146,5.55,5.1,5.54,82629.11
2023-07-14,5.54,5.732,5.3,5.453,62461.33
2023-07-15,5.453,5.562,5.385,5.431,28454.21
2023-07-16,5.431,5.448,5.264,5.309,37955.8
2023-07-17,5.309,5.415,5.177,5.303,36765.5
2023-07-18,5.303,5.389,5.1,5.18,48975.89
2023-07-19,5.18,5.256,5.13,5.19,24047.27
2023-07-20,5.19,5.48,5.186,5.355,41817.0
2023-07-21,5.355,5.7,5.341,5.485,123099.4
2023-07-22,5.485,5.519,5.267,5.315,31289.12
2023-07-23,5.315,5.484,5.278,5.391,54587.11
2023-07-24,5.391,5.413,5.11,5.21,57486.88
2023-07-25,5.21,5.257,5.131,5.175,39481.48
2023-07-26,5.175,5.295,5.123,5.236,74680.16
2023-07-27,5.236,5.332,5.186,5.238,41939.43
2023-07-28,5.238,5.272,5.162,5.215,36602.39
2023-07-29,5.215,5.257,5.206,5.247,29708.0
2023-07-30,5.247,5.275,5.1,5.181,44955.98
2023-07-31,5.181,5.256,5.052,5.109,39930.61
2023-08-01,5.109,5.207,4.96,5.207,35211.61
2023-08-02,5.207,5.218,5.016,5.06,32444.29
2023-08-03,5.06,5.073,4.935,4.98,34408.72
2023-08-04,4.98,5.042,4.95,4.993,26213.52
2023-08-05,4.993,4.995,4.93,4.975,20672.98
2023-08-06,4.975,5.045,4.96,5.005,31073.29
2023-08-07,5.005,5.045,4.837,4.97,39537.36
2023-08-08,4.97,5.096,4.907,5.061,42379.12
2023-08-09,5.061,5.105,4.999,5.059,28059.71
2023-08-10,5.059,5.067,4.978,5.005,21999.48
2023-08-11,5.005,5.019,4.96,5.009,21754.63
2023-08-12,5.009,5.044,4.997,5.039,24175.27
2023-08-13,5.039,5.044,4.969,4.99,28456.94
2023-08-14,4.99,5.054,4.953,4.989,51082.68
2023-08-15,4.989,4.998,4.63,4.818,56263.42
2023-08-16,4.818,4.841,4.542,4.674,55691.64
2023-08-17,4.674,4.817,4.32,4.43,105864.12
2023-08-18,4.43,4.56,4.368,4.51,52215.24
2023-08-19,4.51,4.553,4.456,4.516,41694.35
2023-08-20,4.516,4.532,4.47,4.52,29170.98
2023-08-21,4.52,4.538,4.368,4.426,44833.39
2023-08-22,4.426,4.45,4.252,4.425,38895.26
2023-08-23,4.425,4.534,4.38,4.49,48788.16
2023-08-24,4.49,4.517,4.369,4.423,24254.13
2023-08-25,4.423,4.494,4.36,4.491,43658.82
2023-08-26,4.491,4.514,4.475,4.506,31826.02
2023-08-27,4.506,4.539,4.463,4.49,24529.43
2023-08-28,4.49,4.621,4.42,4.612,24347.97
2023-08-29,4.612,4.8,4.542,4.678,53551.68
2023-08-30,4.678,4.678,4.521,4.534,35829.11
2023-08-31,4.534,4.534,4.239,4.269,84459.83
2023-09-01,4.269,4.295,4.144,4.217,59527.9
2023-09-02,4.217,4.273,4.205,4.26,56701.79
2023-09-03,4.26,4.3,4.231,4.259,78022.33
2023-09-04,4.259,4.319,4.194,4.26,167758.26
2023-09-05,4.26,4.3,4.2,4.257,74442.33
2023-09-06,4.257,4.281,4.175,4.272,90284.35
2023-09-07,4.272,4.306,4.234,4.293,52704.33
2023-09-08,4.293,4.33,4.213,4.253,69757.35
2023-09-09,4.253,4.278,4.236,4.237,65322.08
2023-09-10,4.237,4.238,4.11,4.148,42137.58
2023-09-11,4.148,4.153,3.91,3.988,77738.3
2023-09-12,3.988,4.088,3.965,3.987,54176.17
2023-09-13,3.987,4.091,3.95,3.999,62083.63
2023-09-14,3.999,4.088,3.974,4.057,50780.86
2023-09-15,4.057,4.17,4.047,4.138,45458.42
2023-09-16,4.138,4.225,4.135,4.184,23725.79
2023-09-17,4.184,4.189,4.048,4.07,36696.21
2023-09-18,4.07,4.22,4.02,4.107,45674.36
2023-09-19,4.107,4.167,4.08,4.151,42511.84
2023-09-20,4.151,4.167,4.08,4.138,72098.07
2023-09-21,4.138,4.166,4.001,4.013,53372.13
2023-09-22,4.013,4.036,3.98,4.019,80041.22
2023-09-23,4.019,4.037,4.0,4.034,63071.9
2023-09-24,4.034,4.058,3.979,3.991,71797.96
2023-09-25,3.991,4.089,3.95,4.067,47105.94
2023-09-26,4.067,4.092,3.975,4.013,30099.06
2023-09-27,4.013,4.075,3.968,3.994,72343.17
2023-09-28,3.994,4.099,3.981,4.074,100703.95
2023-09-29,4.074,4.117,4.058,4.073,60853.58
2023-09-30,4.073,4.119,4.072,4.103,50136.69
2023-10-01,4.103,4.287,4.102,4.263,89581.02
2023-10-02,4.263,4.3,4.06,4.121,80327.0
2023-10-03,4.121,4.162,4.051,4.076,68784.72
2023-10-04,4.076,4.076,3.96,4.043,56399.09
2023-10-05,4.043,4.082,4.004,4.022,50591.42
2023-10-06,4.022,4.093,4.0,4.068,47568.27
2023-10-07,4.068,4.113,4.045,4.052,49984.98
2023-10-08,4.052,4.072,4.002,4.011,52306.14
2023-10-09,4.011,4.029,3.76,3.88,104082.11
2023-10-10,3.88,3.895,3.775,3.809,64754.95
2023-10-11,3.809,3.823,3.7,3.74,57120.34
2023-10-12,3.74,3.74,3.624,3.675,106265.23
2023-10-13,3.675,3.773,3.667,3.72,94080.89
2023-10-14,3.72,3.762,3.717,3.735,38631.88
2023-10-15,3.735,3.776,3.707,3.754,44743.6
2023-10-16,3.754,3.896,3.737,3.778,122158.38
2023-10-17,3.778,3.779,3.637,3.67,196548.07
2023-10-18,3.67,3.723,3.63,3.654,89722.0
2023-10-19,3.654,3.658,3.57,3.648,53496.7
2023-10-20,3.648,3.8,3.637,3.717,147318.07
2023-10-21,3.717,3.975,3.707,3.909,225439.72
2023-10-22,3.909,3.972,3.81,3.967,117021.35
2023-10-23,3.967,4.366,3.923,4.361,840941.59
2023-10-24,4.361,4.424,4.1,4.188,403589.79
2023-10-25,4.188,4.356,4.147,4.291,257546.97
2023-10-26,4.291,4.451,4.156,4.235,137216.22
2023-10-27,4.235,4.235,4.03,4.134,128207.77
2023-10-28,4.134,4.224,4.13,4.18,90510.47
2023-10-29,4.18,4.355,4.131,4.314,106965.31
2023-10-30,4.314,4.531,4.234,4.523,229449.11
2023-10-31,4.523,4.603,4.28,4.45,160313.21
2023-11-01,4.45,4.801,4.322,4.729,191828.19
2023-11-02,4.729,4.795,4.527,4.634,139065.0
2023-11-03,4.634,4.643,4.46,4.611,105350.52
2023-11-04,4.611,4.776,4.585,4.682,114925.82
2023-11-05,4.682,4.907,4.656,4.762,152278.62
2023-11-06,4.762,4.992,4.68,4.965,276251.78
2023-11-07,4.965,5.006,4.72,4.927,248386.5
2023-11-08,4.927,5.086,4.86,5.032,195905.39
2023-11-09,5.032,5.26,4.49,5.088,331306.66
2023-11-10,5.088,5.316,4.989,5.298,190728.44
2023-11-11,5.298,5.68,5.1,5.561,214320.97
2023-11-12,5.561,5.854,5.347,5.71,313487.17
2023-11-13,5.71,5.881,5.345,5.35,267701.83
2023-11-14,5.35,5.521,5.01,5.195,220889.93
2023-11-15,5.195,5.637,5.185,5.563,244556.96
2023-11-16,5.563,5.815,5.285,5.354,218787.12
2023-11-17,5.354,5.484,5.051,5.244,126404.96
2023-11-18,5.244,5.29,4.99,5.29,161086.93
2023-11-19,5.29,5.481,5.179,5.432,144476.28
2023-11-20,5.432,5.561,5.26,5.301,214447.02
2023-11-21,5.301,5.327,4.828,4.858,293734.13
2023-11-22,4.858,5.286,4.85,5.173,355828.41
2023-11-23,5.173,5.219,5.086,5.135,169253.23
2023-11-24,5.135,5.294,5.12,5.241,198404.86
2023-11-25,5.241,5.384,5.215,5.327,194423.72
2023-11-26,5.327,5.413,5.15,5.325,246932.87
2023-11-27,5.325,5.378,5.04,5.156,217612.77
2023-11-28,5.156,5.314,5.104,5.275,208383.18
2023-11-29,5.275,5.384,5.151,5.162,256212.27
2023-11-30,5.162,5.579,5.119,5.47,386816.8
2023-12-01,5.47,5.524,5.369,5.471,187244.42
2023-12-02,5.471,5.604,5.451,5.562,199556.16
2023-12-03,5.562,5.621,5.436,5.54,175847.27
2023-12-04,5.54,5.72,5.431,5.632,257461.66
2023-12-05,5.632,5.945,5.514,5.905,551712.92
2023-12-06,5.905,6.205,5.776,6.045,410975.51
2023-12-07,6.045,6.298,5.907,6.243,265036.26
2023-12-08,6.243,6.914,6.168,6.835,433425.71
2023-12-09,6.835,7.69,6.833,7.106,411090.4
2023-12-10,7.106,7.348,6.965,7.348,234558.0
2023-12-11,7.348,7.36,6.3,6.709,235036.66
2023-12-12,6.709,7.33,6.696,7.132,309901.94
2023-12-13,7.132,7.646,6.62,7.596,234309.77
2023-12-14,7.596,7.767,7.0,7.508,338408.62
2023-12-15,7.508,7.566,6.933,6.95,232320.93
2023-12-16,6.95,7.351,6.867,7.094,143817.02
2023-12-17,7.094,7.163,6.75,6.786,138744.62
2023-12-18,6.786,6.886,6.385,6.884,181073.15
2023-12-19,6.884,7.048,6.616,6.705,160124.64
2023-12-20,6.705,7.13,6.62,6.949,189443.03
2023-12-21,6.949,8.433,6.913,8.421,645707.79
2023-12-22,8.421,8.561,7.842,7.956,320140.45
2023-12-23,7.956,8.441,7.582,8.322,354359.52
2023-12-24,8.322,9.196,8.312,8.616,639160.74
2023-12-25,8.616,9.396,8.502,9.189,519663.83
2023-12-26,9.189,9.587,8.354,8.819,439181.66
2023-12-27,8.819,9.018,8.412,8.694,303446.97
2023-12-28,8.694,8.914,8.267,8.429,197291.93
2023-12-29,8.429,8.68,8.07,8.289,206508.67
2023-12-30,8.289,8.484,8.098,8.345,146108.23
2023-12-31,8.345,8.638,8.03,8.201,129277.52
2024-01-01,8.201,8.63,8.065,8.593,176019.29
2024-01-02,8.593,8.802,8.333,8.41,201015.9
2024-01-03,8.41,8.575,6.94,7.627,401314.03
2024-01-04,7.627,7.988,7.48,7.883,307394.79
2024-01-05,7.883,7.954,7.194,7.447,217698.81
2024-01-06,7.447,7.447,6.95,7.132,142937.73
2024-01-07,7.132,7.324,6.82,6.898,173486.0
2024-01-08,6.898,7.503,6.514,7.483,275708.95
2024-01-09,7.483,7.528,6.911,7.125,159926.58
2024-01-10,7.125,8.085,6.81,7.99,223275.21
2024-01-11,7.99,8.577,7.861,8.149,362103.36
2024-01-12,8.149,8.212,7.33,7.567,268951.18
2024-01-13,7.567,7.752,7.382,7.617,198508.85
2024-01-14,7.617,7.699,7.316,7.325,88392.86
2024-01-15,7.325,7.688,7.316,7.51,166589.23
2024-01-16,7.51,7.687,7.347,7.49,124800.41
2024-01-17,7.49,7.596,7.26,7.35,75592.7
2024-01-18,7.35,7.39,6.83,7.011,129733.44
2024-01-19,7.011,7.051,6.575,6.893,168976.52
2024-01-20,6.893,6.95,6.78,6.914,89861.05
2024-01-21,6.914,6.972,6.803,6.817,153373.09
2024-01-22,6.817,6.848,6.3,6.341,133164.44
2024-01-23,6.341,6.455,5.98,6.362,221063.49
2024-01-24,6.362,6.54,6.261,6.462,83803.72
2024-01-25,6.462,6.569,6.354,6.434,53727.84
2024-01-26,6.434,6.728,6.362,6.67,100784.16
2024-01-27,6.67,6.751,6.529,6.668,72832.53
2024-01-28,6.668,6.874,6.57,6.872,78746.57
2024-01-29,6.872,7.295,6.705,7.027,107742.36
2024-01-30,7.027,7.083,6.821,6.833,109565.19
2024-01-31,6.833,6.887,6.585,6.656,66807.24
2024-02-01,6.656,6.816,6.54,6.791,71193.33
2024-02-02,6.791,7.026,6.768,6.946,79396.08
2024-02-03,6.946,7.009,6.817,6.826,88503.2
2024-02-04,6.826,6.827,6.65,6.665,42235.54
2024-02-05,6.665,6.975,6.595,6.735,66123.72
2024-02-06,6.735,6.831,6.649,6.804,76849.51
2024-02-07,6.804,6.964,6.672,6.941,67669.66
2024-02-08,6.941,7.106,6.87,7.012,163276.66
2024-02-09,7.012,7.327,6.959,7.193,240875.38
2024-02-10,7.193,7.287,7.06,7.2,118985.92
2024-02-11,7.2,7.34,7.078,7.098,171675.28
2024-02-12,7.098,7.376,6.982,7.34,122748.85
2024-02-13,7.34,7.45,7.147,7.353,139452.85
2024-02-14,7.353,7.709,7.275,7.65,253852.56
2024-02-15,7.65,7.95,7.527,7.781,197418.07
2024-02-16,7.781,7.863,7.54,7.647,136931.98
2024-02-17,7.647,7.707,7.344,7.705,147000.44
2024-02-18,7.705,7.92,7.68,7.858,170510.27
2024-02-19,7.858,8.146,7.656,8.022,337612.26
2024-02-20,8.022,8.116,7.42,7.731,207260.19
2024-02-21,7.731,7.731,7.23,7.469,165201.45
2024-02-22,7.469,7.681,7.278,7.481,227300.08
2024-02-23,7.481,7.641,7.275,7.561,125704.71
2024-02-24,7.561,7.889,7.434,7.822,267269.24
2024-02-25,7.822,7.94,7.678,7.919,127132.59
2024-02-26,7.919,8.115,7.583,8.108,276546.79
2024-02-27,8.108,8.447,7.999,8.371,392162.85
2024-02-28,8.371,8.713,7.7,8.342,528422.86
2024-02-29,8.342,8.897,8.03,8.254,508839.19
2024-03-01,8.254,8.673,8.254,8.661,368118.17
2024-03-02,8.661,9.463,8.58,9.463,585241.12
2024-03-03,9.463,9.898,8.59,9.777,478019.18
2024-03-04,9.777,10.303,9.51,9.849,494799.94
2024-03-05,9.849,10.759,8.152,9.327,653581.71
2024-03-06,9.327,10.555,8.929,10.545,352820.87
2024-03-07,10.545,10.998,10.239,10.404,249568.51
2024-03-08,10.404,10.69,9.965,10.637,590365.82
2024-03-09,10.637,10.95,10.417,10.493,229471.97
2024-03-10,10.493,10.571,9.965,10.264,172235.58
2024-03-11,10.264,11.241,9.81,11.039,313834.35
2024-03-12,11.039,11.147,10.08,10.735,252117.68
2024-03-13,10.735,11.39,10.641,11.39,371871.08
2024-03-14,11.39,11.881,10.68,11.561,711196.46
2024-03-15,11.561,11.7,9.984,10.799,713176.8
2024-03-16,10.799,10.897,9.51,9.687,451685.85
2024-03-17,9.687,10.247,9.195,10.082,293877.57
2024-03-18,10.082,10.454,9.607,9.901,256799.82
2024-03-19,9.901,9.992,8.602,8.772,292272.9
2024-03-20,8.772,9.56,8.494,9.482,167800.48
2024-03-21,9.482,9.581,9.07,9.179,190799.74
2024-03-22,9.179,9.365,8.699,8.932,128867.54
2024-03-23,8.932,9.222,8.853,8.969,86909.32
2024-03-24,8.969,9.43,8.961,9.37,96795.93
2024-03-25,9.37,9.824,9.291,9.737,161443.47
2024-03-26,9.737,10.055,9.528,9.688,161890.03
2024-03-27,9.688,9.81,9.309,9.442,153142.47
2024-03-28,9.442,9.658,9.301,9.525,84675.33
2024-03-29,9.525,9.81,9.35,9.601,111781.15
2024-03-30,9.601,9.693,9.388,9.427,84769.95
2024-03-31,9.427,9.648,9.418,9.646,60766.81
2024-04-01,9.646,9.731,8.927,9.14,152827.19
2024-04-02,9.14,9.143,8.384,8.581,136445.9
2024-04-03,8.581,8.771,8.287,8.415,97744.14
2024-04-04,8.415,8.709,8.267,8.486,136921.63
2024-04-05,8.486,8.511,8.079,8.38,64684.84
2024-04-06,8.38,8.554,8.333,8.489,57130.25
2024-04-07,8.489,8.741,8.458,8.705,116677.21
2024-04-08,8.705,9.092,8.57,9.045,92243.3
2024-04-09,9.045,9.104,8.634,8.662,167984.4
2024-04-10,8.662,8.695,8.129,8.409,177688.23
2024-04-11,8.409,8.522,8.19,8.384,80673.62
2024-04-12,8.384,8.49,6.51,7.241,365335.9
2024-04-13,7.241,7.328,5.72,6.391,563486.85
2024-04-14,6.391,6.928,6.2,6.855,175118.21
2024-04-15,6.855,7.204,6.448,6.704,157026.96
2024-04-16,6.704,6.82,6.377,6.699,121428.64
2024-04-17,6.699,6.776,6.333,6.581,106991.33
2024-04-18,6.581,6.82,6.446,6.783,102840.26
2024-04-19,6.783,6.91,6.288,6.681,116593.69
2024-04-20,6.681,7.282,6.611,7.241,134770.4
2024-04-21,7.241,7.288,6.966,7.14,101534.09
2024-04-22,7.14,7.576,7.098,7.472,117484.9
2024-04-23,7.472,7.538,7.207,7.242,103550.56
2024-04-24,7.242,7.5,6.864,6.931,137884.85
2024-04-25,6.931,7.0,6.707,6.863,57735.73
2024-04-26,6.863,6.946,6.716,6.762,53412.5
2024-04-27,6.762,6.866,6.527,6.805,43610.51
2024-04-28,6.805,6.949,6.692,6.729,46833.42
2024-04-29,6.729,6.825,6.478,6.583,66755.03
2024-04-30,6.583,6.663,6.05,6.422,134212.84
2024-05-01,6.422,6.93,6.132,6.901,220126.18
2024-05-02,6.901,7.401,6.698,7.279,82807.82
2024-05-03,7.279,7.379,7.003,7.241,103925.82
2024-05-04,7.241,7.252,7.109,7.122,70994.14
2024-05-05,7.122,7.398,7.017,7.304,128333.87
2024-05-06,7.304,7.469,7.063,7.118,72490.5
2024-05-07,7.118,7.294,6.988,6.992,49399.85
2024-05-08,6.992,7.184,6.899,6.986,60278.49
2024-05-09,6.986,7.087,6.785,7.049,85436.31
2024-05-10,7.049,7.147,6.7,6.746,79048.61
2024-05-11,6.746,6.808,6.636,6.66,76361.05
2024-05-12,6.66,6.79,6.59,6.616,73542.51
2024-05-13,6.616,6.825,6.435,6.671,103598.58
2024-05-14,6.671,6.697,6.47,6.485,37476.82
2024-05-15,6.485,7.019,6.466,6.962,83476.42
2024-05-16,6.962,7.065,6.82,7.027,50756.73
2024-05-17,7.027,7.294,7.002,7.199,167198.9
2024-05-18,7.199,7.229,7.063,7.157,55842.59
2024-05-19,7.157,7.181,6.894,6.931,49332.77
2024-05-20,6.931,7.58,6.852,7.574,144056.16
2024-05-21,7.574,7.667,7.433,7.611,131085.76
2024-05-22,7.611,7.698,7.386,7.466,66566.33
2024-05-23,7.466,7.605,6.91,7.201,167197.9
2024-05-24,7.201,7.382,7.018,7.243,47156.29
2024-05-25,7.243,7.438,7.222,7.425,40358.76
2024-05-26,7.425,7.64,7.37,7.557,114242.62
2024-05-27,7.557,7.77,7.381,7.642,141643.19
2024-05-28,7.642,7.665,7.278,7.371,46841.93
2024-05-29,7.371,7.559,7.146,7.179,53450.84
2024-05-30,7.179,7.238,6.925,6.997,70692.5
2024-05-31,6.997,7.052,6.807,6.983,86487.34
2024-06-01,6.983,7.134,6.959,7.062,67839.93
2024-06-02,7.062,7.125,6.918,6.99,35453.9
2024-06-03,6.99,7.191,6.935,7.008,46671.49
2024-06-04,7.008,7.236,6.944,7.178,192476.37
2024-06-05,7.178,7.297,7.15,7.25,106355.36
2024-06-06,7.25,7.285,7.06,7.143,67825.22
2024-06-07,7.143,7.29,6.081,6.66,84369.25
2024-06-08,6.66,6.679,6.341,6.386,111595.11
2024-06-09,6.386,6.538,6.376,6.526,106446.96
2024-06-10,6.526,6.581,6.363,6.506,42666.88
2024-06-11,6.506,6.525,6.222,6.378,101171.01
2024-06-12,6.378,6.926,6.276,6.738,74699.47
2024-06-13,6.738,6.738,6.339,6.356,123509.66
2024-06-14,6.356,6.486,6.001,6.163,59500.4
2024-06-15,6.163,6.254,6.111,6.224,31632.89
2024-06-16,6.224,6.427,6.152,6.396,116036.68
2024-06-17,6.396,6.417,5.999,6.072,91716.01
2024-06-18,6.072,6.084,5.476,5.771,115088.95
2024-06-19,5.771,5.992,5.731,5.8,42495.26
2024-06-20,5.8,5.971,5.602,5.642,47295.95
2024-06-21,5.642,5.735,5.55,5.61,56700.18
2024-06-22,5.61,5.804,5.543,5.753,64667.72
2024-06-23,5.753,5.817,5.6,5.652,24850.18
2024-06-24,5.652,5.737,5.395,5.728,52728.18
2024-06-25,5.728,5.974,5.705,5.842,41203.94
2024-06-26,5.842,5.947,5.772,5.798,51234.48
2024-06-27,5.798,6.376,5.707,6.287,36143.43
2024-06-28,6.287,6.437,6.16,6.189,56544.52
2024-06-29,6.189,6.301,6.065,6.081,25330.87
2024-06-30,6.081,6.255,6.025,6.212,32274.75
2024-07-01,6.212,6.45,6.197,6.331,61380.91
2024-07-02,6.331,6.606,6.319,6.531,134841.26
2024-07-03,6.531,6.545,5.998,6.078,99819.92
2024-07-04,6.078,6.132,5.544,5.557,73826.27
2024-07-05,5.557,5.912,4.92,5.684,127188.39
2024-07-06,5.684,6.308,5.636,6.242,48627.82
2024-07-07,6.242,6.304,5.887,5.909,49241.48
2024-07-08,5.909,6.28,5.7,5.944,76681.59
2024-07-09,5.944,6.185,5.845,6.117,32514.7
2024-07-10,6.117,6.257,6.055,6.098,38036.29
2024-07-11,6.098,6.242,5.896,5.902,41322.53
2024-07-12,5.902,6.103,5.803,6.103,29687.29
2024-07-13,6.103,6.3,6.075,6.233,40783.59
2024-07-14,6.233,6.356,6.161,6.323,63920.48
2024-07-15,6.323,6.538,6.296,6.484,61598.96
2024-07-16,6.484,6.51,6.129,6.335,79172.32
2024-07-17,6.335,6.534,6.252,6.254,68820.71
2024-07-18,6.254,6.4,6.034,6.093,66527.21
2024-07-19,6.093,6.35,5.99,6.338,46889.64
2024-07-20,6.338,6.394,6.225,6.333,48219.03
2024-07-21,6.333,6.444,6.111,6.431,45128.16
2024-07-22,6.431,6.474,6.083,6.095,90241.65
2024-07-23,6.095,6.163,5.81,5.918,86178.13
2024-07-24,5.918,5.996,5.66,5.75,69525.51
2024-07-25,5.75,5.778,5.541,5.755,91107.04
2024-07-26,5.755,5.89,5.726,5.866,80832.25
2024-07-27,5.866,5.94,5.721,5.826,114425.32
2024-07-28,5.826,5.841,5.675,5.721,74562.07
2024-07-29,5.721,5.876,5.626,5.651,69345.81
2024-07-30,5.651,5.722,5.483,5.521,73709.67
2024-07-31,5.521,5.556,5.339,5.389,106570.13
2024-08-01,5.389,5.418,5.028,5.342,136731.04
2024-08-02,5.342,5.368,5.001,5.123,69822.23
2024-08-03,5.123,5.208,4.855,5.044,87784.89
2024-08-04,5.044,5.094,4.549,4.687,72498.01
2024-08-05,4.687,4.72,3.6,4.197,274708.09
2024-08-06,4.197,4.603,4.196,4.509,124992.01
2024-08-07,4.509,4.639,4.403,4.573,133684.28
2024-08-08,4.573,4.902,4.481,4.878,52296.56
2024-08-09,4.878,4.92,4.731,4.784,30303.3
2024-08-10,4.784,4.825,4.724,4.753,16959.45
2024-08-11,4.753,4.826,4.477,4.493,23984.04
2024-08-12,4.493,4.679,4.453,4.587,39387.39
2024-08-13,4.587,4.613,4.4,4.547,55334.23
2024-08-14,4.547,4.552,4.35,4.384,57767.71
2024-08-15,4.384,4.479,4.227,4.276,96487.9
2024-08-16,4.276,4.386,4.218,4.293,64399.09
2024-08-17,4.293,4.382,4.276,4.369,28867.75
2024-08-18,4.369,4.515,4.347,4.39,141129.85
2024-08-19,4.39,4.501,4.346,4.481,45289.04
2024-08-20,4.481,4.603,4.458,4.525,54256.65
2024-08-21,4.525,4.748,4.498,4.664,52429.82
2024-08-22,4.664,4.713,4.598,4.689,41597.52
2024-08-23,4.689,4.95,4.684,4.892,59719.25
2024-08-24,4.892,5.1,4.846,4.985,61537.61
2024-08-25,4.985,4.99,4.749,4.825,65307.73
2024-08-26,4.825,4.865,4.534,4.557,58191.02
2024-08-27,4.557,4.658,4.242,4.381,108180.09
2024-08-28,4.381,4.448,4.165,4.253,79675.82
2024-08-29,4.253,4.402,4.18,4.253,71030.98
2024-08-30,4.253,4.334,4.104,4.277,109590.74
2024-08-31,4.277,4.318,4.219,4.258,50650.87
2024-09-01,4.258,4.258,4.049,4.07,138560.1
2024-09-02,4.07,4.232,4.055,4.21,105395.91
2024-09-03,4.21,4.284,4.057,4.059,115364.28
2024-09-04,4.059,4.195,3.872,4.112,143240.46
2024-09-05,4.112,4.127,3.974,4.022,67477.16
2024-09-06,4.022,4.096,3.823,3.959,86398.09
2024-09-07,3.959,4.133,3.935,4.079,82170.0
2024-09-08,4.079,4.204,4.059,4.161,63932.88
2024-09-09,4.161,4.339,4.112,4.287,75391.73
2024-09-10,4.287,4.288,4.2,4.249,56458.41
2024-09-11,4.249,4.256,4.064,4.192,110434.55
2024-09-12,4.192,4.299,4.19,4.294,77169.96
2024-09-13,4.294,4.47,4.273,4.42,101605.54
2024-09-14,4.42,4.445,4.347,4.436,33891.91
2024-09-15,4.436,4.555,4.361,4.396,54536.55
2024-09-16,4.396,4.396,4.15,4.196,62216.19
2024-09-17,4.196,4.285,4.133,4.157,81485.88
2024-09-18,4.157,4.178,3.977,4.178,107572.99
2024-09-19,4.178,4.35,4.178,4.254,240707.72
2024-09-20,4.254,4.401,4.191,4.339,96840.07
2024-09-21,4.339,4.475,4.282,4.463,68781.89
2024-09-22,4.463,4.478,4.235,4.311,77163.2
2024-09-23,4.311,4.462,4.239,4.457,163171.83
2024-09-24,4.457,4.683,4.401,4.635,135918.19
2024-09-25,4.635,4.772,4.592,4.64,144744.91
2024-09-26,4.64,4.875,4.561,4.814,162725.78
2024-09-27,4.814,4.961,4.809,4.883,146902.62
2024-09-28,4.883,4.928,4.747,4.795,96138.99
2024-09-29,4.795,4.854,4.686,4.768,112618.57
2024-09-30,4.768,4.77,4.399,4.436,155746.58
2024-10-01,4.436,4.561,4.055,4.155,333828.74
2024-10-02,4.155,4.268,4.007,4.102,176964.23
2024-10-03,4.102,4.173,3.996,4.129,236276.58
2024-10-04,4.129,4.212,4.107,4.194,205955.11
2024-10-05,4.194,4.232,4.078,4.14,80419.12
2024-10-06,4.14,4.195,4.1,4.191,173380.97
2024-10-07,4.191,4.27,4.127,4.131,194116.69
2024-10-08,4.131,4.183,4.049,4.102,103544.8
2024-10-09,4.102,4.15,3.956,4.023,88361.72
2024-10-10,4.023,4.075,3.966,4.072,91025.93
2024-10-11,4.072,4.194,4.053,4.173,51629.71
2024-10-12,4.173,4.261,4.152,4.204,149175.39
2024-10-13,4.204,4.215,4.088,4.163,124539.73
2024-10-14,4.163,4.399,4.136,4.378,146735.31
2024-10-15,4.378,4.534,4.297,4.405,161854.48
2024-10-16,4.405,4.41,4.287,4.313,129242.35
2024-10-17,4.313,4.35,4.148,4.192,129637.97
2024-10-18,4.192,4.31,4.174,4.31,139631.53
2024-10-19,4.31,4.483,4.31,4.433,84456.48
2024-10-20,4.433,4.593,4.358,4.578,117342.36
2024-10-21,4.578,4.611,4.336,4.377,105196.25
2024-10-22,4.377,4.437,4.274,4.325,112235.41
2024-10-23,4.325,4.332,4.109,4.21,96713.97
2024-10-24,4.21,4.26,4.144,4.206,92514.6
2024-10-25,4.206,4.217,3.85,3.999,129798.35
2024-10-26,3.999,4.06,3.945,4.035,68824.83
2024-10-27,4.035,4.135,4.008,4.129,65163.36
2024-10-28,4.129,4.225,4.005,4.132,119574.71
2024-10-29,4.132,4.25,4.119,4.192,213593.68
2024-10-30,4.192,4.218,4.12,4.192,86880.1
2024-10-31,4.192,4.213,3.902,3.959,162225.56
2024-11-01,3.959,3.994,3.848,3.909,61886.96
2024-11-02,3.909,3.947,3.825,3.908,57911.93
2024-11-03,3.908,3.928,3.666,3.784,165448.04
2024-11-04,3.784,3.837,3.682,3.751,98075.63
2024-11-05,3.751,3.917,3.746,3.856,113654.44
2024-11-06,3.856,4.129,3.855,4.11,159067.93
2024-11-07,4.11,4.198,4.047,4.163,1463507.95
2024-11-08,4.163,4.391,4.116,4.324,3088917.45
2024-11-09,4.324,4.641,4.263,4.63,1428197.26
2024-11-10,4.63,5.476,4.584,5.242,19191134.35
2024-11-11,5.242,5.785,4.974,5.711,6978794.61
2024-11-12,5.711,5.837,5.119,5.308,4726654.45
2024-11-13,5.308,5.427,4.909,5.073,2215180.51
2024-11-14,5.073,5.215,4.686,4.773,1205817.27
2024-11-15,4.773,5.173,4.706,5.161,1070969.6
2024-11-16,5.161,5.802,5.135,5.785,1327175.77
2024-11-17,5.785,6.145,5.311,5.42,2087654.75
2024-11-18,5.42,6.094,5.392,6.007,1388840.9
2024-11-19,6.007,6.042,5.66,5.805,1093384.89
2024-11-20,5.805,6.078,5.534,5.719,1675924.48
2024-11-21,5.719,5.966,5.476,5.933,1960797.41
2024-11-22,5.933,6.686,5.879,6.631,3391613.7
2024-11-23,6.631,9.425,6.588,8.518,13212465.44
2024-11-24,8.518,10.482,8.065,8.814,14854046.64
2024-11-25,8.814,9.361,8.111,8.236,5257406.12
2024-11-26,8.236,8.468,7.55,8.075,3317684.7
2024-11-27,8.075,8.568,7.844,8.453,2149001.86
2024-11-28,8.453,8.751,8.0,8.613,1671689.71
2024-11-29,8.613,9.076,8.441,9.041,1994478.1
2024-11-30,9.041,9.221,8.603,8.947,2413229.59
2024-12-01,8.947,9.387,8.697,9.291,1700745.54
2024-12-02,9.291,10.195,8.459,10.01,7345590.31
2024-12-03,10.01,10.385,9.061,9.783,6461664.73
2024-12-04,9.783,11.642,9.666,10.51,9665995.69
2024-12-05,10.51,11.232,9.886,10.37,6121522.87
2024-12-06,10.37,10.874,10.015,10.674,2125144.17
2024-12-07,10.674,10.929,10.304,10.6,1038294.67
2024-12-08,10.6,10.8,10.193,10.39,693985.45
2024-12-09,10.39,10.398,7.57,8.47,2562269.03
2024-12-10,8.47,8.717,7.6,8.389,5982921.29
2024-12-11,8.389,9.267,8.029,8.994,1880035.44
2024-12-12,8.994,9.667,8.912,9.059,1829916.12
2024-12-13,9.059,9.231,8.779,9.089,773879.01
2024-12-14,9.089,9.21,8.352,8.553,463521.26
2024-12-15,8.553,9.261,8.368,9.028,582145.41
2024-12-16,9.028,9.202,8.588,8.755,715334.59
2024-12-17,8.755,8.972,8.379,8.481,827780.99
2024-12-18,8.481,8.541,7.6,7.678,1592454.93
2024-12-19,7.678,7.801,6.766,6.94,3355892.64
2024-12-20,6.94,7.36,6.047,7.29,3569520.75
2024-12-21,7.29,7.801,6.837,6.973,1445471.68
2024-12-22,6.973,7.266,6.683,6.843,733299.42
2024-12-23,6.843,7.569,6.654,7.386,916430.11
2024-12-24,7.386,7.639,7.155,7.551,572328.95
2024-12-25,7.551,7.675,7.359,7.502,478713.39
2024-12-26,7.502,7.592,6.882,6.933,588532.55
2024-12-27,6.933,7.311,6.816,6.912,685218.54
2024-12-28,6.912,7.184,6.794,7.115,451309.18
2024-12-29,7.115,7.152,6.811,6.867,359011.69
2024-12-30,6.867,7.11,6.542,6.705,643671.66
2024-12-31,6.705,6.929,6.564,6.642,413732.33
2025-01-01,6.642,7.142,6.52,7.051,485375.79
2025-01-02,7.051,7.36,7.051,7.175,492465.81
2025-01-03,7.175,8.016,7.137,7.755,873236.05
2025-01-04,7.755,7.882,7.606,7.677,465845.94
2025-01-05,7.677,7.733,7.463,7.672,384836.13
2025-01-06,7.672,7.987,7.541,7.767,622169.43
2025-01-07,7.767,7.886,7.008,7.011,1256411.56
2025-01-08,7.011,7.135,6.425,6.761,1206350.87
2025-01-09,6.761,6.841,6.457,6.556,728915.57
2025-01-10,6.556,6.808,6.484,6.732,710435.37
2025-01-11,6.732,6.878,6.584,6.741,270215.11
2025-01-12,6.741,6.818,6.542,6.629,221644.3
2025-01-13,6.629,6.807,6.008,6.399,922675.33
2025-01-14,6.399,6.689,6.366,6.665,396985.17
2025-01-15,6.665,7.195,6.557,7.167,900301.42
2025-01-16,7.167,7.395,6.849,7.151,1140366.59
2025-01-17,7.151,7.599,7.151,7.503,813597.63
2025-01-18,7.503,7.588,6.844,7.04,968206.84
2025-01-19,7.04,7.235,6.109,6.243,2710569.07
2025-01-20,6.243,7.119,6.06,6.381,4107296.08
2025-01-21,6.381,6.843,6.157,6.622,1064352.84
2025-01-22,6.622,6.696,6.413,6.443,606606.65
2025-01-23,6.443,6.499,6.194,6.351,726289.37
2025-01-24,6.351,6.544,6.202,6.32,370370.17
2025-01-25,6.32,6.407,6.249,6.323,278541.69
2025-01-26,6.323,6.47,6.165,6.177,328887.29
2025-01-27,6.177,6.21,5.489,5.952,5111349.18
2025-01-28,5.952,6.035,5.6,5.65,949145.73
2025-01-29,5.65,5.879,5.541,5.768,2777493.69
2025-01-30,5.768,6.256,5.723,6.123,892433.83
2025-01-31,6.123,6.498,6.03,6.327,1581952.85
2025-02-01,6.327,6.491,5.862,5.907,917081.68
2025-02-02,5.907,6.047,4.866,5.149,4973237.14
2025-02-03,5.149,5.279,3.8,5.176,23926706.5
2025-02-04,5.176,5.228,4.583,4.742,5573648.7
2025-02-05,4.742,4.862,4.629,4.689,1135621.02
2025-02-06,4.689,4.837,4.442,4.492,936268.13
2025-02-07,4.492,4.938,4.461,4.594,1524577.13
2025-02-08,4.594,4.764,4.5,4.745,637548.85
2025-02-09,4.745,4.877,4.514,4.764,867218.84
2025-02-10,4.764,4.919,4.61,4.845,833047.46
2025-02-11,4.845,5.21,4.749,4.808,1271745.7
2025-02-12,4.808,5.332,4.754,5.229,2188433.83
2025-02-13,5.229,5.277,5.067,5.13,619935.74
2025-02-14,5.13,5.377,5.1,5.172,482424.52
2025-02-15,5.172,5.219,4.978,5.021,657176.25
2025-02-16,5.021,5.045,4.828,4.88,413360.64
2025-02-17,4.88,5.071,4.777,4.89,649847.53
2025-02-18,4.89,4.919,4.561,4.768,747000.28
2025-02-19,4.768,4.906,4.7,4.885,535300.03
2025-02-20,4.885,5.07,4.879,5.047,861563.5
2025-02-21,5.047,5.338,4.953,5.061,1014108.94
2025-02-22,5.061,5.217,5.025,5.044,956809.92
2025-02-23,5.044,5.134,4.905,4.952,341865.27
2025-02-24,4.952,4.979,4.34,4.418,1745503.23
2025-02-25,4.418,4.759,4.138,4.641,2273826.61
2025-02-26,4.641,4.932,4.592,4.755,1139040.34
2025-02-27,4.755,5.183,4.714,4.935,1014428.56
2025-02-28,4.935,4.935,4.453,4.709,1883116.65
2025-03-01,4.709,4.819,4.525,4.662,480841.37
2025-03-02,4.662,5.231,4.567,5.205,1395874.0
2025-03-03,5.205,5.25,4.435,4.472,1223640.67
2025-03-04,4.472,4.515,4.018,4.33,1609662.86
2025-03-05,4.33,4.55,4.277,4.527,862742.02
2025-03-06,4.527,4.663,4.345,4.432,607538.91
2025-03-07,4.432,4.675,4.212,4.412,909934.55
2025-03-08,4.412,4.445,4.262,4.286,308624.2
2025-03-09,4.286,4.353,3.978,4.017,788925.9
2025-03-10,4.017,4.283,3.777,3.867,886441.37
2025-03-11,3.867,4.124,3.656,4.042,1264053.01
2025-03-12,4.042,4.097,3.85,3.967,828125.6
2025-03-13,3.967,4.109,3.827,3.98,777949.16
2025-03-14,3.98,4.228,3.968,4.185,923896.0
2025-03-15,4.185,4.428,4.185,4.348,673419.3
2025-03-16,4.348,4.364,4.185,4.301,545447.33
2025-03-17,4.301,4.466,4.297,4.369,587889.02
2025-03-18,4.369,4.487,4.234,4.453,660988.05
2025-03-19,4.453,4.596,4.438,4.539,742128.46
2025-03-20,4.539,4.562,4.328,4.402,490753.04
2025-03-21,4.402,4.586,4.38,4.5,863955.42
2025-03-22,4.5,4.544,4.414,4.445,503104.78
2025-03-23,4.445,4.517,4.4,4.5,295728.98
2025-03-24,4.5,4.772,4.469,4.623,548792.48
2025-03-25,4.623,4.72,4.584,4.637,365799.82
2025-03-26,4.637,4.767,4.597,4.692,634505.49
2025-03-27,4.692,4.757,4.495,4.623,1195487.63
2025-03-28,4.623,4.646,4.243,4.279,1236954.79
2025-03-29,4.279,4.303,3.996,4.051,601721.47
2025-03-30,4.051,4.172,3.987,4.041,540364.34
2025-03-31,4.041,4.095,3.947,4.021,1069071.3
2025-04-01,4.021,4.283,4.014,4.173,620834.75
2025-04-02,4.173,4.238,3.911,3.966,3889577.42
2025-04-03,3.966,4.112,3.846,4.058,1736533.15
2025-04-04,4.058,4.131,3.945,4.035,1217181.78
2025-04-05,4.035,4.07,3.896,3.955,1147520.92
2025-04-06,3.955,3.974,3.602,3.682,1241659.68
2025-04-07,3.682,3.733,3.283,3.595,5342951.24
2025-04-08,3.595,3.704,3.341,3.378,1034085.35
2025-04-09,3.378,3.752,3.251,3.642,2383313.47
2025-04-10,3.642,3.648,3.391,3.465,1225122.94
2025-04-11,3.465,3.597,3.451,3.558,761200.09
2025-04-12,3.558,3.757,3.526,3.711,474964.6
2025-04-13,3.711,3.816,3.616,3.667,787723.06
2025-04-14,3.667,3.798,3.632,3.676,591229.51
2025-04-15,3.676,3.735,3.516,3.52,509468.96
2025-04-16,3.52,3.619,3.469,3.558,496730.95
2025-04-17,3.558,3.697,3.539,3.634,549685.28
2025-04-18,3.634,3.747,3.613,3.675,300958.36
2025-04-19,3.675,3.892,3.646,3.878,365892.85
2025-04-20,3.878,3.951,3.787,3.88,652173.73
2025-04-21,3.88,3.981,3.772,3.779,481655.12
2025-04-22,3.779,4.038,3.69,4.007,989564.35
2025-04-23,4.007,4.198,3.999,4.094,841810.94
2025-04-24,4.094,4.286,3.93,4.268,723341.76
2025-04-25,4.268,4.372,4.216,4.253,811256.26
2025-04-26,4.253,4.362,4.201,4.263,489214.01
2025-04-27,4.263,4.29,4.057,4.09,614552.85
2025-04-28,4.09,4.267,4.009,4.241,743471.61
2025-04-29,4.241,4.328,4.101,4.146,606642.02
2025-04-30,4.146,4.175,4.027,4.066,622373.68
2025-05-01,4.066,4.223,4.064,4.177,386136.06
2025-05-02,4.177,4.287,4.126,4.162,325840.59
2025-05-03,4.162,4.172,4.015,4.027,227012.06
2025-05-04,4.027,4.051,3.896,3.92,414512.09
2025-05-05,3.92,4.021,3.884,3.917,439602.75
2025-05-06,3.917,3.976,3.824,3.971,337744.51
2025-05-07,3.971,4.007,3.88,3.969,359872.02
2025-05-08,3.969,4.492,3.965,4.457,659006.42
2025-05-09,4.457,4.863,4.435,4.801,1486435.86
2025-05-10,4.801,5.322,4.799,5.312,1268584.71
2025-05-11,5.312,5.362,4.8,5.097,1195220.76
2025-05-12,5.097,5.398,4.891,5.068,1102106.15
2025-05-13,5.068,5.271,4.825,5.194,767659.45
2025-05-14,5.194,5.267,4.949,4.981,473727.25
2025-05-15,4.981,5.026,4.678,4.777,693613.92
2025-05-16,4.777,4.956,4.713,4.754,464385.47
2025-05-17,4.754,4.768,4.558,4.61,394717.81
2025-05-18,4.61,4.921,4.51,4.792,672985.39
2025-05-19,4.792,4.818,4.413,4.596,1412107.44
2025-05-20,4.596,4.727,4.52,4.676,386363.45
2025-05-21,4.676,4.876,4.613,4.74,1086829.03
2025-05-22,4.74,4.977,4.734,4.947,797752.79
2025-05-23,4.947,5.119,4.532,4.561,1447900.51
2025-05-24,4.561,4.634,4.512,4.545,639767.85
2025-05-25,4.545,4.564,4.351,4.523,784079.63
2025-05-26,4.523,4.616,4.427,4.468,712845.95
2025-05-27,4.468,4.614,4.372,4.536,761945.08
2025-05-28,4.536,4.661,4.419,4.588,695343.37
2025-05-29,4.588,4.681,4.331,4.333,1040862.77
2025-05-30,4.333,4.358,4.008,4.049,1797177.91
2025-05-31,4.049,4.12,3.9,4.075,856377.14
2025-06-01,4.075,4.101,3.97,4.064,470922.07
2025-06-02,4.064,4.171,3.953,4.149,598143.11
2025-06-03,4.149,4.222,4.1,4.136,415424.84
2025-06-04,4.136,4.214,3.984,4.005,405178.23
2025-06-05,4.005,4.076,3.742,3.815,757963.92
2025-06-06,3.815,3.991,3.802,3.885,643925.03
2025-06-07,3.885,4.058,3.868,4.031,235583.08
2025-06-08,4.031,4.113,3.978,4.025,424435.75
2025-06-09,4.025,4.161,3.964,4.152,791791.02
2025-06-10,4.152,4.317,4.096,4.293,844315.48
2025-06-11,4.293,4.344,4.146,4.188,694705.6
2025-06-12,4.188,4.203,3.907,3.919,988445.66
2025-06-13,3.919,3.919,3.664,3.838,1399082.57
2025-06-14,3.838,3.846,3.717,3.779,602342.05
2025-06-15,3.779,3.833,3.735,3.823,319360.61
2025-06-16,3.823,3.991,3.787,3.847,445435.84
2025-06-17,3.847,3.897,3.663,3.719,514356.97
2025-06-18,3.719,3.786,3.572,3.623,913522.37
2025-06-19,3.623,3.657,3.496,3.547,2365674.0
2025-06-20,3.547,3.577,3.331,3.436,4385650.15
2025-06-21,3.436,3.508,3.209,3.325,3485510.4
2025-06-22,3.325,3.363,3.009,3.153,5959026.51
2025-06-23,3.153,3.421,3.112,3.416,5188340.32
2025-06-24,3.416,3.523,3.385,3.438,2961119.36
2025-06-25,3.438,3.458,3.34,3.352,2478390.5
2025-06-26,3.352,3.433,3.271,3.298,2325031.17
2025-06-27,3.298,3.394,3.274,3.359,2243494.05
2025-06-28,3.359,3.426,3.33,3.408,1091327.98
2025-06-29,3.408,3.582,3.379,3.541,1638065.58
2025-06-30,3.541,3.56,3.351,3.397,2125680.88
2025-07-01,3.397,3.419,3.256,3.28,2003167.86
2025-07-02,3.28,3.624,3.244,3.544,4018364.52
2025-07-03,3.544,3.664,3.498,3.54,3254632.41
2025-07-04,3.54,3.561,3.313,3.358,3058477.55
2025-07-05,3.358,3.39,3.308,3.355,1345685.27
2025-07-06,3.355,3.448,3.328,3.394,2130075.74
2025-07-07,3.394,3.438,3.323,3.37,1746001.27
2025-07-08,3.37,3.475,3.327,3.448,1887391.08
2025-07-09,3.448,3.659,3.417,3.62,3241783.43
2025-07-10,3.62,3.892,3.589,3.881,4836940.11
2025-07-11,3.881,4.11,3.811,3.906,6851440.81
2025-07-12,3.906,4.064,3.797,3.891,3445012.12
2025-07-13,3.891,4.066,3.877,3.984,2624291.78
2025-07-14,3.984,4.195,3.9,3.95,4473215.6
2025-07-15,3.95,4.099,3.801,4.082,4268225.38
2025-07-16,4.082,4.268,4.01,4.155,4837078.96
2025-07-17,4.155,4.303,4.067,4.259,5785384.43
2025-07-18,4.259,4.624,4.136,4.228,8569441.5
2025-07-19,4.228,4.453,4.132,4.409,3154546.8
2025-07-20,4.409,4.587,4.349,4.48,4778660.26
2025-07-21,4.48,4.672,4.394,4.499,5931528.97
2025-07-22,4.499,4.553,4.28,4.549,6718640.12
2025-07-23,4.549,4.551,4.002,4.113,6375175.63
2025-07-24,4.113,4.201,3.895,4.0,7365418.79
2025-07-25,4.0,4.1,3.864,4.087,4487804.9
2025-07-26,4.087,4.195,4.068,4.124,2192924.32
2025-07-27,4.124,4.251,4.113,4.24,2247549.68
2025-07-28,4.24,4.309,3.93,3.965,4593960.43
2025-07-29,3.965,4.081,3.82,3.905,4547626.46
2025-07-30,3.905,3.921,3.629,3.806,5053890.72
2025-07-31,3.806,3.921,3.666,3.681,4068693.69
2025-08-01,3.681,3.723,3.449,3.546,6717482.17
2025-08-02,3.546,3.631,3.427,3.508,4163895.31
2025-08-03,3.508,3.626,3.459,3.601,2427577.14
2025-08-04,3.601,3.758,3.597,3.719,3050641.57
2025-08-05,3.719,3.724,3.537,3.623,2899095.17
2025-08-06,3.623,3.696,3.553,3.674,2426955.25
2025-08-07,3.674,3.869,3.643,3.866,3908189.71
2025-08-08,3.866,3.998,3.809,3.98,5073593.28
2025-08-09,3.98,4.166,3.97,4.137,3544210.78
2025-08-10,4.137,4.181,3.964,4.046,3794426.24
2025-08-11,4.046,4.157,3.818,3.854,4626662.71
2025-08-12,3.854,4.235,3.837,4.156,5450669.92
2025-08-13,4.156,4.317,4.097,4.276,5806066.9
2025-08-14,4.276,4.371,3.903,3.987,7487852.55
2025-08-15,3.987,4.103,3.813,3.896,5588859.14
2025-08-16,3.896,3.997,3.889,3.965,1939525.12
2025-08-17,3.965,4.193,3.925,4.051,3385916.99
2025-08-18,4.051,4.061,3.833,3.914,5173908.2
2025-08-19,3.914,3.961,3.712,3.719,4183135.99
2025-08-20,3.719,3.906,3.698,3.884,3800908.76
2025-08-21,3.884,3.923,3.773,3.797,2209232.39
2025-08-22,3.797,4.206,3.69,4.18,6803524.53
2025-08-23,4.18,4.264,4.026,4.227,4321077.87
2025-08-24,4.227,4.284,4.013,4.111,5229503.6
2025-08-25,4.111,4.146,3.689,3.733,6939051.91
2025-08-26,3.733,3.923,3.709,3.887,3428591.96
2025-08-27,3.887,3.934,3.823,3.838,3227629.25
2025-08-28,3.838,4.021,3.807,3.98,5251069.83
2025-08-29,3.98,4.003,3.724,3.775,6530010.97
2025-08-30,3.775,3.824,3.712,3.811,2148034.7
2025-08-31,3.811,3.876,3.735,3.742,2789969.65
2025-09-01,3.742,3.886,3.613,3.693,4345337.31
2025-09-02,3.693,3.826,3.676,3.82,2125623.35
2025-09-03,3.82,3.906,3.786,3.866,1520545.58
2025-09-04,3.866,3.877,3.727,3.764,1466063.23
2025-09-05,3.764,3.895,3.757,3.827,2098092.37
2025-09-06,3.827,3.885,3.783,3.823,1114094.24
2025-09-07,3.823,4.089,3.822,3.996,3246174.38
2025-09-08,3.996,4.081,3.981,4.044,2627571.85
2025-09-09,4.044,4.182,4.004,4.139,2118101.6
2025-09-10,4.139,4.227,4.054,4.218,1751858.16
2025-09-11,4.218,4.258,4.133,4.242,1462119.76
2025-09-12,4.242,4.323,4.152,4.318,1529740.87
2025-09-13,4.318,4.624,4.303,4.492,2561343.48
2025-09-14,4.492,4.498,4.28,4.315,1406415.94
2025-09-15,4.315,4.403,4.104,4.151,1691411.76
2025-09-16,4.151,4.296,4.11,4.253,1552474.08
2025-09-17,4.253,4.432,4.136,4.404,1724841.36
2025-09-18,4.404,4.595,4.373,4.532,2234646.42
2025-09-19,4.532,4.88,4.319,4.358,3320197.98
2025-09-20,4.358,4.461,4.289,4.357,1333904.49
2025-09-21,4.357,4.387,4.236,4.262,949371.97
2025-09-22,4.262,4.28,3.818,4.036,2620435.95
2025-09-23,4.036,4.06,3.938,3.966,1223362.21
2025-09-24,3.966,4.116,3.894,3.992,1364107.57
2025-09-25,3.992,4.005,3.774,3.804,2267559.87
2025-09-26,3.804,3.97,3.776,3.924,1355579.86
2025-09-27,3.924,3.927,3.851,3.889,635189.54
2025-09-28,3.889,4.027,3.792,3.997,988960.24
2025-09-29,3.997,4.023,3.858,3.979,1281071.69
2025-09-30,3.979,3.992,3.808,3.908,975838.95
2025-10-01,3.908,4.126,3.883,4.125,1316001.74
2025-10-02,4.125,4.34,4.099,4.306,1773550.57
2025-10-03,4.306,4.383,4.179,4.32,1470249.32
2025-10-04,4.32,4.329,4.134,4.189,1061664.19
2025-10-05,4.189,4.374,4.077,4.133,1354838.69
2025-10-06,4.133,4.437,4.109,4.397,1831546.95
2025-10-07,4.397,4.435,4.109,4.138,1768090.2
2025-10-08,4.138,4.241,4.063,4.193,1443470.88
2025-10-09,4.193,4.199,3.965,4.075,1583494.7
2025-10-10,4.075,4.291,0.974,2.944,9152321.42
2025-10-11,2.944,3.316,2.874,2.998,6462808.25
2025-10-12,2.998,3.307,2.907,3.242,2884300.59
2025-10-13,3.242,3.448,3.193,3.375,2932063.35
2025-10-14,3.375,3.399,3.066,3.248,2624061.08
2025-10-15,3.248,3.34,3.096,3.136,1728706.67
2025-10-16,3.136,3.207,2.972,3.016,2380027.15
2025-10-17,3.016,3.061,2.772,2.892,2903228.19
2025-10-18,2.892,2.971,2.889,2.933,823350.75
2025-10-19,2.933,3.057,2.885,3.009,1239563.73
2025-10-20,3.009,3.132,2.948,3.086,1479692.5
2025-10-21,3.086,3.191,2.95,3.006,1879265.77
2025-10-22,3.006,3.029,2.834,2.919,1578032.01
2025-10-23,2.919,3.036,2.911,3.002,1114224.92
2025-10-24,3.002,3.129,2.991,3.079,1075988.05
2025-10-25,3.079,3.107,3.027,3.091,549226.24
2025-10-26,3.091,3.24,3.058,3.195,995345.19
2025-10-27,3.195,3.248,3.118,3.139,1167279.87
2025-10-28,3.139,3.195,2.99,3.05,1219910.43
2025-10-29,3.05,3.18,3.024,3.079,1176658.27
2025-10-30,3.079,3.118,2.782,2.87,2189893.42
2025-10-31,2.87,2.925,2.826,2.882,1093340.59
2025-11-01,2.882,2.974,2.864,2.971,890039.49
2025-11-02,2.971,3.015,2.865,2.984,928147.96
2025-11-03,2.984,2.993,2.494,2.586,2729603.09
2025-11-04,2.586,2.663,2.344,2.507,3194347.58
